,fCHL μgL WS HR mean,fCHL μgL EXO HR mean,fCHL μgL EXO HR median,NO3 uM SUNA HR mean,CL_ID,Location,Latitude,Longitude,USGS_Stati,Station_ID,USGS_Sta_1,DigitalLat,DigitalLon,Subregions
0,19.42349339,11.69987753,10.30564263,4.086872111,A1204,Honker Bay,38.053111,-121.935458, , ,,,,Suisun Bay
1,18.6715317,9.713963498,9.713963498,10.5351675,A3385,San Joaquin River,38.098259,-121.577943, , ,,,,Central Delta Tidal Zone
2,18.12791164,9.728918184,9.693521014,10.49168109,A3386,San Joaquin River,38.098653,-121.579629, , ,,,,Central Delta Tidal Zone
3,17.21410527,10.03384176,9.933113707,10.24947219,A3387,San Joaquin River,38.099019,-121.581426, , ,,,,Central Delta Tidal Zone
4,17.17050135,11.23554116,11.28967858,9.925758,A3388,San Joaquin River,38.098909,-121.583361, , ,,,,Central Delta Tidal Zone
5,17.44138184,11.50019531,11.57255233,9.489832731,A3389,San Joaquin River,38.098518,-121.585375, , ,,,,Central Delta Tidal Zone
6,17.5805106,9.999867202,9.92270445,9.074947038,A3390,San Joaquin River,38.098389,-121.587342, , ,,,,Central Delta Tidal Zone
7,17.15763143,10.04277411,9.994420339,8.71550775,A3391,San Joaquin River,38.09849,-121.589208, , ,,,,Central Delta Tidal Zone
8,16.69081547,10.60504535,10.6031456,8.680362692,A3392,San Joaquin River,38.098957,-121.59094, , ,,,,Central Delta Tidal Zone
9,16.20823139,11.22844045,11.40929535,8.668551,A3393,San Joaquin River,38.099992,-121.592501, , ,,,,Central Delta Tidal Zone
10,16.73328053,10.50870613,10.46714164,8.7530046,A3394,San Joaquin River,38.100824,-121.594086, , ,,,,Central Delta Tidal Zone
11,17.22840076,10.52946495,10.6154461,8.953262,A3395,San Joaquin River,38.101715,-121.595586, , ,,,,Central Delta Tidal Zone
12,17.75627892,10.47981611,10.51622377,9.02443975,A3396,San Joaquin River,38.102514,-121.597162, , ,,,,Central Delta Tidal Zone
13,18.61950845,11.4415112,11.53385261,9.278360375,A3397,San Joaquin River,38.102941,-121.598947, , ,,,,Central Delta Tidal Zone
14,19.00803324,11.78483293,11.72300666,9.371346692,A3398,San Joaquin River,38.103818,-121.600521, , ,,,,Central Delta Tidal Zone
15,18.83685608,11.62302001,11.59261108,9.500824167,A3399,San Joaquin River,38.104597,-121.602205, , ,,,,Central Delta Tidal Zone
16,19.10770346,11.02999347,10.95356965,9.526744269,A3400,San Joaquin River,38.104872,-121.6041, , ,,,,Central Delta Tidal Zone
17,19.54484014,11.09961718,11.14827758,9.604694727,A3401,San Joaquin River,38.10541,-121.606023, , ,,,,Central Delta Tidal Zone
18,20.09446021,11.02498074,11.14217252,9.6330495,A3402,San Joaquin River,38.104854,-121.608001, , ,,,,Central Delta Tidal Zone
19,19.33270311,10.64258724,10.58805911,9.560702885,A3403,San Joaquin River,38.104706,-121.609854, , ,,,,Central Delta Tidal Zone
20,19.1604496,11.0897289,10.62746845,9.3902454,A3404,San Joaquin River,38.104224,-121.61161, , ,,,,Central Delta Tidal Zone
21,19.71008852,12.91137507,13.00788659,9.290985,A3405,San Joaquin River,38.103912,-121.613328, , ,,,,Central Delta Tidal Zone
22,19.44426049,11.46568941,11.39505992,9.017641875,A3406,San Joaquin River,38.102782,-121.614858, , ,,,,Central Delta Tidal Zone
23,19.39901949,11.17451952,11.32461569,8.819150077,A3407,San Joaquin River,38.10209,-121.616533, , ,,,,Central Delta Tidal Zone
24,19.62290564,11.9228691,11.92770361,8.740964727,A3408,San Joaquin River,38.101595,-121.618306, , ,,,,Central Delta Tidal Zone
25,19.27116312,11.39783852,11.25761662,8.477010875,A3409,San Joaquin River,38.101803,-121.620197, , ,,,,Central Delta Tidal Zone
26,17.56083182,10.68460075,10.8280891,7.83532575,A3410,San Joaquin River,38.101544,-121.622022, , ,,,,Central Delta Tidal Zone
27,17.33865079,10.62953326,10.69644285,7.27115925,A3411,San Joaquin River,38.101485,-121.624096, , ,,,,Central Delta Tidal Zone
28,17.29917859,10.99829475,10.96567296,7.199471769,A3412,San Joaquin River,38.100259,-121.62541, , ,,,,Central Delta Tidal Zone
29,17.29813311,12.42949358,12.36763237,7.1883737,A3413,San Joaquin River,38.099775,-121.627531, , ,,,,Central Delta Tidal Zone
30,17.54594927,12.00355945,11.9406712,7.098334154,A3414,San Joaquin River,38.097944,-121.627571, , ,,,,Central Delta Tidal Zone
31,17.93044064,12.12723221,12.13981951,6.955086625,A3415,San Joaquin River,38.096232,-121.627492, , ,,,,Central Delta Tidal Zone
32,18.26459142,11.77117198,11.91329953,6.847738364,A3416,San Joaquin River,38.094591,-121.627636, , ,,,,Central Delta Tidal Zone
33,18.44910142,11.0988204,11.19265491,6.61399325,A3417,San Joaquin River,38.093264,-121.628258, , ,,,,Central Delta Tidal Zone
34,18.71337453,11.13981084,11.14217757,6.48283425,A3418,San Joaquin River,38.091535,-121.6285, , ,,,,Central Delta Tidal Zone
35,18.6729621,10.99672224,11.11111111,6.3083745,A3419,San Joaquin River,38.091132,-121.630393, , ,,,,Central Delta Tidal Zone
36,18.66913118,10.44948571,10.29749426,5.920210125,A3420,San Joaquin River,38.089685,-121.631439, , ,,,,Central Delta Tidal Zone
37,18.78100813,11.33179711,11.3818052,5.11046325,A3421,San Joaquin River,38.088975,-121.63314, , ,,,,Central Delta Tidal Zone
38,18.92367085,11.16491492,11.19652452,4.70807475,A3422,San Joaquin River,38.088444,-121.634844, , ,,,,Central Delta Tidal Zone
39,18.91917367,10.75015193,10.85762242,4.6522065,A3423,San Joaquin River,38.087711,-121.636532, , ,,,,Central Delta Tidal Zone
40,18.82737331,10.70261794,10.72162144,4.647777115,A3424,San Joaquin River,38.087743,-121.638417, , ,,,,Central Delta Tidal Zone
41,18.04647634,10.29801411,10.29713765,4.370466,A3425,San Joaquin River,38.087273,-121.640279, , ,,,,Central Delta Tidal Zone
42,17.44036071,10.44274375,10.39856158,4.099979125,A3426,San Joaquin River,38.087775,-121.642141, , ,,,,Central Delta Tidal Zone
43,17.25604806,11.35256549,11.4074518,4.120311231,A3427,San Joaquin River,38.088784,-121.643552, , ,,,,Central Delta Tidal Zone
44,16.88310186,10.86963837,10.95567247,4.1211725,A3428,San Joaquin River,38.088724,-121.645425, , ,,,,Central Delta Tidal Zone
45,16.01848029,9.809061486,9.813130808,3.99652575,A3429,San Joaquin River,38.089052,-121.647401, , ,,,,Central Delta Tidal Zone
46,15.29826275,9.166381379,9.078644949,3.9324315,A3430,San Joaquin River,38.090099,-121.648685, , ,,,,Central Delta Tidal Zone
47,14.59167585,9.000358694,8.967819339,3.86925125,A3431,San Joaquin River,38.091434,-121.64954, , ,,,,Central Delta Tidal Zone
48,14.5751362,8.900483752,8.974693397,3.691030038,A3432,San Joaquin River,38.092399,-121.650948, , ,,,,Central Delta Tidal Zone
49,14.74465767,8.866237038,8.871697036,3.399798,A3433,San Joaquin River,38.093063,-121.652631, , ,,,,Central Delta Tidal Zone
50,15.61853696,9.273342635,9.243220396,3.065010346,A3434,San Joaquin River,38.093874,-121.654193, , ,,,,Central Delta Tidal Zone
51,16.24759658,9.494790802,9.507453905,2.8328895,A3435,San Joaquin River,38.094392,-121.655943, , ,,,,Central Delta Tidal Zone
52,16.63795451,9.2142845,9.206459569,2.700416625,A3436,San Joaquin River,38.09517,-121.657505, , ,,,,Central Delta Tidal Zone
53,16.18627719,9.889099783,9.980580228,2.50167875,A3437,San Joaquin River,38.095641,-121.659234, , ,,,,Central Delta Tidal Zone
54,16.47534564,9.911098189,9.980580228,2.456674636,A3438,San Joaquin River,38.09591,-121.661067, , ,,,,Central Delta Tidal Zone
55,17.1539579,9.847376254,9.937972726,2.670026125,A3439,San Joaquin River,38.096069,-121.662919, , ,,,,Central Delta Tidal Zone
56,17.56180448,10.09906404,10.21577668,2.766396,A3440,San Joaquin River,38.096151,-121.664825, , ,,,,Central Delta Tidal Zone
57,17.80935677,10.41938833,10.33039842,2.794448769,A3441,San Joaquin River,38.095675,-121.66662, , ,,,,Central Delta Tidal Zone
58,17.7923989,11.09982836,11.08896463,2.793341423,A3442,San Joaquin River,38.095122,-121.668326, , ,,,,Central Delta Tidal Zone
59,16.96299377,11.57543822,11.76353305,2.804414885,A3443,San Joaquin River,38.094832,-121.670152, , ,,,,Central Delta Tidal Zone
60,16.92687671,10.64014495,10.82697675,2.882931,A3444,San Joaquin River,38.094175,-121.671838, , ,,,,Central Delta Tidal Zone
61,16.99413066,9.995014955,9.995014955,3.1307621,A3445,San Joaquin River,38.093567,-121.673568, , ,,,,Central Delta Tidal Zone
62,17.51321733,11.2571006,10.87238285,3.209334462,A3446,San Joaquin River,38.092724,-121.675094, , ,,,,Central Delta Tidal Zone
63,17.00316537,9.795372334,9.970610156,3.00872025,A3447,San Joaquin River,38.091682,-121.676347, , ,,,,Central Delta Tidal Zone
64,16.71626843,11.24869404,11.28775042,2.799385688,A3448,San Joaquin River,38.090908,-121.678012, , ,,,,Central Delta Tidal Zone
65,16.76574825,10.36195938,10.28605602,2.4352995,A3449,San Joaquin River,38.089621,-121.678977, , ,,,,Central Delta Tidal Zone
66,16.33373387,9.539576598,9.611842406,2.13813525,A3450,San Joaquin River,38.088275,-121.679829, , ,,,,Central Delta Tidal Zone
67,16.02326027,9.799721005,9.859505779,2.020011136,A3451,San Joaquin River,38.086827,-121.679979, , ,,,,Central Delta Tidal Zone
68,15.58312372,9.438798792,9.426534332,2.07712575,A3452,San Joaquin River,38.085171,-121.679383, , ,,,,Central Delta Tidal Zone
69,15.76343184,10.20677629,10.22172397,2.097348,A3453,San Joaquin River,38.083897,-121.679906, , ,,,,Central Delta Tidal Zone
70,16.34186988,10.27404086,10.27404086,2.094606,A3454,San Joaquin River,38.082684,-121.68143, , ,,,,Central Delta Tidal Zone
71,17.91287548,10.31105417,10.29895366,2.111000875,A3455,San Joaquin River,38.08158,-121.68109, , ,,,,Central Delta Tidal Zone
72,18.10601262,10.67633475,10.42102641,2.1825785,A3456,San Joaquin River,38.080105,-121.681103, , ,,,,Central Delta Tidal Zone
73,18.38076526,11.20620145,11.31041355,2.22519375,A3457,San Joaquin River,38.078718,-121.6806, , ,,,,Central Delta Tidal Zone
74,18.30631046,10.94839128,10.85040402,2.150443091,A3458,San Joaquin River,38.077325,-121.680408, , ,,,,Central Delta Tidal Zone
75,18.15348801,10.75767163,10.69773501,2.02914075,A3459,San Joaquin River,38.075996,-121.68006, , ,,,,Central Delta Tidal Zone
76,17.80131961,10.7372727,10.710576,2.013431375,A3460,San Joaquin River,38.074572,-121.680018, , ,,,,Central Delta Tidal Zone
77,17.47851774,10.89377531,10.83302399,2.10523125,A3461,San Joaquin River,38.073118,-121.679828, , ,,,,Central Delta Tidal Zone
78,17.12481102,11.06255561,11.0370399,2.208293538,A3462,San Joaquin River,38.071688,-121.679491, , ,,,,Central Delta Tidal Zone
79,16.17291829,11.46237795,11.3846613,2.209031769,A3463,San Joaquin River,38.070245,-121.679514, , ,,,,Central Delta Tidal Zone
80,15.54192841,11.0750809,10.62757984,2.1307547,A3464,San Joaquin River,38.068811,-121.678891, , ,,,,Central Delta Tidal Zone
81,15.56476433,9.761104998,9.704072791,1.973044,A3465,San Joaquin River,38.067363,-121.679323, , ,,,,Central Delta Tidal Zone
82,15.93193546,9.682615012,9.572591317,1.7753458,A3466,San Joaquin River,38.065887,-121.678863, , ,,,,Central Delta Tidal Zone
83,16.12118913,10.45451964,10.43963376,1.77870475,A3467,San Joaquin River,38.064515,-121.679752, , ,,,,Central Delta Tidal Zone
84,16.79727702,11.02760236,11.09231427,1.777905,A3468,San Joaquin River,38.063163,-121.680312, , ,,,,Central Delta Tidal Zone
85,14.98942126,9.48804026,9.805786414,1.499135,A3469,San Joaquin River,38.061739,-121.680678, , ,,,,Central Delta Tidal Zone
86,15.70677357,10.56196819,10.46340909,1.585965,A3470,San Joaquin River,38.060377,-121.680878, , ,,,,Central Delta Tidal Zone
87,16.62833308,10.65852123,10.67801673,1.84172505,A3471,San Joaquin River,38.060018,-121.682469, , ,,,,Central Delta Tidal Zone
88,16.2056995,9.4872647,9.528548349,1.76522325,A3472,San Joaquin River,38.058935,-121.683427, , ,,,,Central Delta Tidal Zone
89,15.53830266,8.886955525,8.790902409,1.69863378,A3473,San Joaquin River,38.058134,-121.684871, , ,,,,Western Delta Tidal Zone
90,14.8012422,8.627098394,8.317570931,1.619864081,A3474,San Joaquin River,38.057204,-121.686271, , ,,,,Western Delta Tidal Zone
91,13.34710775,8.15592777,8.003982081,1.59546603,A3475,San Joaquin River,38.05642,-121.687851, , ,,,,Western Delta Tidal Zone
92,13.03190733,8.306878362,8.542663477,1.576864397,A3476,San Joaquin River,38.055447,-121.689276, , ,,,,Western Delta Tidal Zone
93,13.48822439,7.708453507,7.744375871,1.55683578,A3477,San Joaquin River,38.054452,-121.690661, , ,,,,Western Delta Tidal Zone
94,13.825885,8.115683876,8.333333333,1.561666213,A3478,San Joaquin River,38.053232,-121.691828, , ,,,,Western Delta Tidal Zone
95,13.84723404,8.209129601,8.376442499,1.525111295,A3479,San Joaquin River,38.052041,-121.693001, , ,,,,Western Delta Tidal Zone
96,13.9561906,8.753441106,8.928571429,1.51705854,A3480,San Joaquin River,38.050772,-121.6939, , ,,,,Western Delta Tidal Zone
97,13.85657944,8.467344019,8.2906562,1.501253019,A3481,San Joaquin River,38.049433,-121.694683, , ,,,,Western Delta Tidal Zone
98,14.0072854,8.738222694,8.310125323,1.465348159,A3482,San Joaquin River,38.048064,-121.695439, , ,,,,Western Delta Tidal Zone
99,14.57030046,8.806890117,8.150174043,1.489333138,A3483,San Joaquin River,38.04661,-121.69629, , ,,,,Western Delta Tidal Zone
100,14.50284437,8.319763324,8.267873123,1.454606062,A3484,San Joaquin River,38.046462,-121.698672, , ,,,,Western Delta Tidal Zone
101,14.06007586,7.980479881,7.954261525,1.446146638,A3485,San Joaquin River,38.044824,-121.699215, , ,,,,Western Delta Tidal Zone
102,13.70039455,8.032391968,8.060828943,1.405399222,A3486,San Joaquin River,38.044581,-121.701228, , ,,,,Western Delta Tidal Zone
103,12.81549762,7.163738514,7.438592765,1.247759611,A3487,San Joaquin River,38.04369,-121.70258, , ,,,,Western Delta Tidal Zone
104,12.63227114,7.231456842,7.486868973,1.13570575,A3488,San Joaquin River,38.042629,-121.703797, , ,,,,Western Delta Tidal Zone
105,12.07783969,7.115096098,7.07297467,1.032291923,A3489,San Joaquin River,38.041833,-121.705234, , ,,,,Western Delta Tidal Zone
106,11.83284771,6.944751356,7.08849452,0.889649333,A3490,San Joaquin River,38.040578,-121.706383, , ,,,,Western Delta Tidal Zone
107,11.68974495,7.122694218,7.043900026,0.831276776,A3491,San Joaquin River,38.040153,-121.708128, , ,,,,Western Delta Tidal Zone
108,11.45794296,6.624557019,6.617500993,0.8348855,A3492,San Joaquin River,38.039503,-121.70972, , ,,,,Western Delta Tidal Zone
109,11.21108866,6.458108681,6.495828367,0.916485389,A3493,San Joaquin River,38.038827,-121.711256, , ,,,,Western Delta Tidal Zone
110,11.20506202,6.737024099,6.846390627,0.991320115,A3494,San Joaquin River,38.03836,-121.712843, , ,,,,Western Delta Tidal Zone
111,11.28751833,6.727363983,6.68422622,0.91657425,A3495,San Joaquin River,38.038601,-121.714768, , ,,,,Western Delta Tidal Zone
112,11.13921411,6.5528424,6.602462272,0.881323731,A3496,San Joaquin River,38.038051,-121.716489, , ,,,,Western Delta Tidal Zone
113,10.97350159,6.350427024,6.370447731,0.943965688,A3497,San Joaquin River,38.037947,-121.71838, , ,,,,Western Delta Tidal Zone
114,10.94664235,6.180491046,6.392059553,0.928342,A3498,San Joaquin River,38.037495,-121.72028, , ,,,,Western Delta Tidal Zone
115,11.03419858,6.453526329,6.436724566,0.91724604,A3499,San Joaquin River,38.036978,-121.722216, , ,,,,Western Delta Tidal Zone
116,11.05750296,6.520639636,6.270948239,0.956761687,A3500,San Joaquin River,38.035478,-121.723504, , ,,,,Western Delta Tidal Zone
117,10.77139237,6.369673341,6.374937842,0.976414368,A3501,San Joaquin River,38.033637,-121.724393, , ,,,,Western Delta Tidal Zone
118,9.606569157,4.830309319,4.571911114,1.122858702,A3502,San Joaquin River,38.032547,-121.725817, , ,,,,Western Delta Tidal Zone
119,8.593084715,4.510035342,4.524188732,1.111170562,A3503,San Joaquin River,38.031002,-121.726972, , ,,,,Western Delta Tidal Zone
120,9.340227872,5.635279716,5.308918784,1.08260235,A3504,San Joaquin River,38.029818,-121.728409, , ,,,,Western Delta Tidal Zone
121,9.414084172,5.698935436,5.321640851,1.053516058,A3505,San Joaquin River,38.02927,-121.729979, , ,,,,Western Delta Tidal Zone
122,9.169552754,5.718558627,5.042854295,1.026082875,A3506,San Joaquin River,38.028184,-121.731434, , ,,,,Western Delta Tidal Zone
123,9.456915012,5.964699932,4.81518643,1.093749635,A3507,San Joaquin River,38.027358,-121.733119, , ,,,,Western Delta Tidal Zone
124,10.18738648,6.726698996,8.057088326,1.158384375,A3508,San Joaquin River,38.027198,-121.734953, , ,,,,Western Delta Tidal Zone
125,10.01755582,6.283803947,5.229345141,1.094718562,A3509,San Joaquin River,38.026845,-121.736756, , ,,,,Western Delta Tidal Zone
126,10.34342001,6.422874078,5.931455709,1.033053968,A3510,San Joaquin River,38.026522,-121.738533, , ,,,,Western Delta Tidal Zone
127,10.75224906,6.642185123,6.529051559,1.02914706,A3511,San Joaquin River,38.025728,-121.740309, , ,,,,Western Delta Tidal Zone
128,10.98536115,6.739122007,6.721891292,1.023064038,A3512,San Joaquin River,38.025079,-121.742142, , ,,,,Western Delta Tidal Zone
129,11.29307499,6.658193733,6.979055619,1.15444275,A3513,San Joaquin River,38.024925,-121.744021, , ,,,,Western Delta Tidal Zone
130,11.34244244,6.580269079,6.00675139,1.204299692,A3514,San Joaquin River,38.02503,-121.745857, , ,,,,Western Delta Tidal Zone
131,11.50262194,6.967205304,6.786813623,1.214881,A3515,San Joaquin River,38.024716,-121.747641, , ,,,,Western Delta Tidal Zone
132,11.83818577,7.222853106,6.976502855,1.340872385,A3516,San Joaquin River,38.024597,-121.749547, , ,,,,Western Delta Tidal Zone
133,11.85621134,7.52423556,6.823990806,1.49748066,A3517,San Joaquin River,38.024423,-121.751483, , ,,,,Western Delta Tidal Zone
134,11.81597393,7.381323819,6.710343458,1.371878077,A3518,San Joaquin River,38.023386,-121.753382, , ,,,,Western Delta Tidal Zone
135,11.9115818,6.973881656,6.985148877,1.398468056,A3519,San Joaquin River,38.024201,-121.75529, , ,,,,Western Delta Tidal Zone
136,12.05124461,7.42803565,6.985148877,1.435365923,A3520,San Joaquin River,38.024025,-121.757202, , ,,,,Western Delta Tidal Zone
137,12.15722443,7.335179443,7.034556395,1.483904596,A3521,San Joaquin River,38.025109,-121.759049, , ,,,,Western Delta Tidal Zone
138,11.73266725,7.091985217,7.065999172,1.591756293,A3522,San Joaquin River,38.024911,-121.76085, , ,,,,Western Delta Tidal Zone
139,11.6685757,6.984741749,6.96960697,1.57876725,A3523,San Joaquin River,38.024869,-121.762577, , ,,,,Western Delta Tidal Zone
140,11.86113181,7.622948415,7.623951837,1.339765038,A3524,San Joaquin River,38.025498,-121.764464, , ,,,,Western Delta Tidal Zone
141,12.17398946,7.360934129,7.364521245,1.430198308,A3525,San Joaquin River,38.025199,-121.766073, , ,,,,Western Delta Tidal Zone
142,12.0924237,7.18801285,7.160354432,1.449425864,A3526,San Joaquin River,38.0289,-121.7684, , ,,,,Western Delta Tidal Zone
143,12.07457659,7.137228083,7.130133597,1.40602125,A3527,San Joaquin River,38.028607,-121.77025, , ,,,,Western Delta Tidal Zone
144,12.16936544,6.946435869,6.816935735,1.596434455,A3528,San Joaquin River,38.02864,-121.772216, , ,,,,Western Delta Tidal Zone
145,12.19650418,7.222404342,7.273129726,1.7219225,A3529,San Joaquin River,38.028524,-121.77397, , ,,,,Western Delta Tidal Zone
146,12.27597688,7.260273066,7.280371508,1.76727975,A3530,San Joaquin River,38.02858,-121.77588, , ,,,,Western Delta Tidal Zone
147,12.04744213,7.289667872,7.266983315,1.725557727,A3531,San Joaquin River,38.029296,-121.77801, , ,,,,Western Delta Tidal Zone
148,11.69286416,6.951950692,6.937015828,1.7270409,A3532,San Joaquin River,38.029267,-121.779843, , ,,,,Western Delta Tidal Zone
149,11.69024866,7.339992792,7.419248598,1.591199727,A3533,San Joaquin River,38.029155,-121.781691, , ,,,,Western Delta Tidal Zone
150,12.42347212,8.222998674,8.373323017,1.4906805,A3534,San Joaquin River,38.027675,-121.783116, , ,,,,Western Delta Tidal Zone
151,12.63924302,8.401951375,8.395171663,1.45016745,A3535,San Joaquin River,38.026048,-121.784503, , ,,,,Western Delta Tidal Zone
152,13.03586246,7.974637068,7.834990374,1.57911,A3536,San Joaquin River,38.024892,-121.78612, , ,,,,Western Delta Tidal Zone
153,13.38138678,8.87059812,8.873715754,1.643547,A3537,San Joaquin River,38.024795,-121.787968, , ,,,,Western Delta Tidal Zone
154,13.79729085,8.669398913,8.555465266,1.7539125,A3538,San Joaquin River,38.024397,-121.789742, , ,,,,Western Delta Tidal Zone
155,14.4333038,8.813955064,8.82075031,1.810756269,A3539,San Joaquin River,38.0243,-121.791581, , ,,,,Western Delta Tidal Zone
156,15.14861989,9.568229872,9.580779118,1.854311885,A3540,San Joaquin River,38.023986,-121.793352, , ,,,,Western Delta Tidal Zone
157,15.24194229,9.373662648,9.442357129,1.823148,A3555,San Joaquin River,38.020505,-121.793882, , ,,,,Western Delta Tidal Zone
158,15.16045054,9.041319573,9.093586349,1.717269409,A3556,San Joaquin River,38.021301,-121.79626, , ,,,,Western Delta Tidal Zone
159,15.4022821,9.232041499,9.280490215,1.740888,A3557,San Joaquin River,38.020955,-121.798023, , ,,,,Western Delta Tidal Zone
160,15.65519846,9.53328218,9.642846893,1.8375435,A3558,San Joaquin River,38.021279,-121.80003, , ,,,,Western Delta Tidal Zone
161,15.02595553,9.637872501,9.592965817,1.7525415,A3559,San Joaquin River,38.021137,-121.801878, , ,,,,Western Delta Tidal Zone
162,14.14847679,8.340434203,8.402489627,1.696930313,A3560,San Joaquin River,38.020773,-121.80369, , ,,,,Western Delta Tidal Zone
163,13.85935572,8.034513063,7.989036676,1.776174393,A3561,San Joaquin River,38.020466,-121.805512, , ,,,,Western Delta Tidal Zone
164,14.85215053,8.97765727,8.891358025,1.770860394,A3562,San Joaquin River,38.019799,-121.807363, , ,,,,Western Delta Tidal Zone
165,14.96719529,8.619693068,8.520511936,1.761617134,A3563,San Joaquin River,38.019855,-121.80935, , ,,,,Western Delta Tidal Zone
166,14.35837374,8.773742244,8.805528134,1.803972527,A3564,San Joaquin River,38.020367,-121.811268, , ,,,,Western Delta Tidal Zone
167,15.21273319,8.296249974,8.300424523,1.818940448,A3565,San Joaquin River,38.020222,-121.813222, , ,,,,Western Delta Tidal Zone
168,15.40142298,9.32650235,9.14927694,1.753012781,A3566,San Joaquin River,38.020554,-121.815167, , ,,,,Western Delta Tidal Zone
169,15.69799337,10.22308909,10.24135162,1.716631846,A3567,San Joaquin River,38.02118,-121.816987, , ,,,,Western Delta Tidal Zone
170,15.61039651,9.723722915,9.886942838,1.736027182,A3568,San Joaquin River,38.022132,-121.818616, , ,,,,Western Delta Tidal Zone
171,15.53708306,8.774294874,8.767350113,1.69872975,A3569,San Joaquin River,38.023099,-121.820049, , ,,,,Western Delta Tidal Zone
172,15.56093048,8.739064253,8.897007998,1.595931115,A3570,San Joaquin River,38.024094,-121.821463, , ,,,,Western Delta Tidal Zone
173,15.80565238,9.146570973,9.333113004,1.64914525,A3571,San Joaquin River,38.024891,-121.822946, , ,,,,Western Delta Tidal Zone
174,15.7094665,9.57579181,9.580127279,1.810756269,A3572,San Joaquin River,38.025999,-121.824295, , ,,,,Western Delta Tidal Zone
175,15.79596218,8.999079207,8.829445699,1.934040808,A3573,San Joaquin River,38.027335,-121.825639, , ,,,,Western Delta Tidal Zone
176,16.05257131,8.88768004,8.924532181,2.22176625,A3574,San Joaquin River,38.027811,-121.827434, , ,,,,Western Delta Tidal Zone
177,16.1287334,10.67335891,10.56724102,2.211246462,A3575,San Joaquin River,38.028796,-121.828799, , ,,,,Western Delta Tidal Zone
178,18.55050134,10.88668252,11.29193291,10.30660737,A3576,San Joaquin River,38.094606,-121.579508, , ,,,,Central Delta Tidal Zone
179,19.8446146,12.65264138,12.74206428,9.863882605,A3577,San Joaquin River,38.093158,-121.576492, , ,,,,Central Delta Tidal Zone
180,19.69092423,12.50758806,12.41142889,9.6362485,A3578,San Joaquin River,38.09167,-121.575185, , ,,,,Central Delta Tidal Zone
181,20.23976881,11.82366037,11.72155689,9.599829115,A3579,San Joaquin River,38.090382,-121.574017, , ,,,,Central Delta Tidal Zone
182,20.62275356,11.00848303,11.02295409,9.565470625,A3580,San Joaquin River,38.088965,-121.573699, , ,,,,Central Delta Tidal Zone
183,21.12960222,11.71407186,11.62674651,9.51068775,A3581,San Joaquin River,38.087503,-121.574122, , ,,,,Central Delta Tidal Zone
184,20.85908541,11.93363274,11.82135729,9.589124769,A3582,San Joaquin River,38.086095,-121.573998, , ,,,,Central Delta Tidal Zone
185,20.01435364,11.18188979,11.29185049,9.787287,A3583,San Joaquin River,38.084571,-121.575105, , ,,,,Central Delta Tidal Zone
186,19.40591831,10.25395796,10.24422814,9.96814475,A3584,San Joaquin River,38.083194,-121.574906, , ,,,,Central Delta Tidal Zone
187,19.08161231,10.99903149,11.18869867,10.25057954,A3585,San Joaquin River,38.081878,-121.574814, , ,,,,Central Delta Tidal Zone
188,18.86367358,11.15464926,11.16046721,10.42520188,A3586,San Joaquin River,38.080465,-121.574039, , ,,,,Central Delta Tidal Zone
189,19.02820029,11.12832047,11.09836277,10.62214031,A3587,San Joaquin River,38.078849,-121.573961, , ,,,,Central Delta Tidal Zone
190,18.13983523,10.86964224,10.81998206,10.6253793,A3588,San Joaquin River,38.077527,-121.57269, , ,,,,Central Delta Tidal Zone
191,17.93434157,10.54791266,10.48008783,10.5799535,A3589,San Joaquin River,38.077174,-121.570212, , ,,,,Central Delta Tidal Zone
192,15.83056335,9.38903426,9.766703572,10.71016586,A3590,San Joaquin River,38.076516,-121.568009, , ,,,,Central Delta Tidal Zone
193,16.75226186,10.38378785,10.41965941,10.72928864,A3591,San Joaquin River,38.075152,-121.567452, , ,,,,Central Delta Tidal Zone
194,16.68387434,9.147202038,9.139486799,10.77882467,A3592,San Joaquin River,38.073087,-121.567128, , ,,,,Central Delta Tidal Zone
195,16.85129014,9.406740207,9.423509879,10.8365133,A3593,San Joaquin River,38.072975,-121.565027, , ,,,,Central Delta Tidal Zone
196,16.4665315,9.595029074,9.016393443,10.96190307,A3594,San Joaquin River,38.072233,-121.563446, , ,,,,Central Delta Tidal Zone
197,16.36545888,8.911387894,10.04190362,10.98666273,A3595,San Joaquin River,38.071645,-121.561762, , ,,,,Central Delta Tidal Zone
198,16.38566616,8.627330358,8.483049863,10.89044106,A3596,San Joaquin River,38.071264,-121.559836, , ,,,,Central Delta Tidal Zone
199,15.82125852,8.118992779,7.891061531,10.90138902,A3597,San Joaquin River,38.070345,-121.558242, , ,,,,Central Delta Tidal Zone
200,14.71470612,8.034981879,7.870744129,10.91612667,A3598,San Joaquin River,38.068857,-121.557706, , ,,,,Central Delta Tidal Zone
201,15.23440242,8.797518368,8.82710521,10.86074573,A3599,San Joaquin River,38.067755,-121.556637, , ,,,,Central Delta Tidal Zone
202,16.00897013,9.211733089,9.134998591,10.74338067,A3600,San Joaquin River,38.066198,-121.555924, , ,,,,Central Delta Tidal Zone
203,16.76768104,9.245295179,9.106365227,10.52969156,A3601,San Joaquin River,38.064381,-121.556438, , ,,,,Central Delta Tidal Zone
204,16.09475006,9.056390886,9.097263831,10.59240304,A3602,San Joaquin River,38.062744,-121.558103, , ,,,,Central Delta Tidal Zone
205,17.37853526,9.000231359,9.2261778,10.6333768,A3603,San Joaquin River,38.061225,-121.558057, , ,,,,Central Delta Tidal Zone
207,17.22369654,10.2044939,10.43539045,10.52375038,A3605,San Joaquin River,38.059013,-121.555544, , ,,,,Central Delta Tidal Zone
208,16.61887391,10.00995922,9.794417016,10.44553152,A3606,San Joaquin River,38.058638,-121.553739, , ,,,,Central Delta Tidal Zone
209,17.25485256,10.17483981,11.1718594,10.43243598,A3607,San Joaquin River,38.059195,-121.551691, , ,,,,Central Delta Tidal Zone
210,17.31083695,9.926142393,7.622998411,10.4732834,A3608,San Joaquin River,38.059351,-121.549805, , ,,,,Central Delta Tidal Zone
211,17.59351336,10.25738053,11.43223228,10.46282088,A3609,San Joaquin River,38.059496,-121.548009, , ,,,,Central Delta Tidal Zone
212,17.18161923,9.377406884,8.508508509,10.45219344,A3610,San Joaquin River,38.060126,-121.546193, , ,,,,Central Delta Tidal Zone
213,16.77412414,9.564090753,9.67805969,10.47518625,A3611,San Joaquin River,38.063057,-121.542126, , ,,,,Central Delta Tidal Zone
214,16.09778268,9.963418356,9.009821608,10.45691504,A3612,San Joaquin River,38.056959,-121.543059, , ,,,,Central Delta Tidal Zone
215,16.28734297,9.492273539,10.08449455,10.4315199,A3613,San Joaquin River,38.056923,-121.541265, , ,,,,Central Delta Tidal Zone
216,15.24835112,9.100955639,8.287807282,10.64375578,A3614,San Joaquin River,38.057848,-121.539431, , ,,,,Central Delta Tidal Zone
217,15.15507957,8.976757924,10.79597425,11.09459262,A3615,San Joaquin River,38.057088,-121.537846, , ,,,,Central Delta Tidal Zone
218,14.314463,8.249534639,10.60422979,11.56825632,A3616,San Joaquin River,38.064643,-121.535877, , ,,,,Central Delta Tidal Zone
219,13.74575224,8.407444206,8.180153088,11.83534289,A3617,San Joaquin River,38.062258,-121.53381, , ,,,,Central Delta Tidal Zone
220,18.81625191,12.29624437,12.24602142,10.3398,A3618,San Joaquin River,38.061671,-121.532198, , ,,,,Central Delta Tidal Zone
221,14.42456589,7.90308552,10.23020829,11.8371605,A3619,San Joaquin River,38.059004,-121.530756, , ,,,,Central Delta Tidal Zone
222,13.04104926,7.288709947,7.28537017,12.48575775,A3620,San Joaquin River,38.052219,-121.530202, , ,,,,Central Delta Tidal Zone
223,12.0719389,6.935791543,8.361329097,13.08708089,A3621,San Joaquin River,38.049984,-121.528653, , ,,,,Central Delta Tidal Zone
224,11.39728386,5.995688861,5.743124567,13.43124681,A3622,San Joaquin River,38.051694,-121.52645, , ,,,,Central Delta Tidal Zone
225,11.09764308,5.479908106,4.179644328,13.58355858,A3623,San Joaquin River,38.052189,-121.52466, , ,,,,Central Delta Tidal Zone
226,11.3690485,6.035974352,7.32856456,13.59232612,A3624,San Joaquin River,38.053894,-121.522612, , ,,,,Central Delta Tidal Zone
227,10.72870227,5.556041991,4.869967921,13.58778126,A3625,San Joaquin River,38.054375,-121.520581, , ,,,,Central Delta Tidal Zone
228,10.83885665,5.742392295,6.163138753,13.6506859,A3626,San Joaquin River,38.054185,-121.51876, , ,,,,Central Delta Tidal Zone
229,10.47049975,5.486888573,5.44610012,13.65727725,A3627,San Joaquin River,38.053638,-121.517246, , ,,,,Central Delta Tidal Zone
230,10.19803191,5.595909743,5.549629067,13.687782,A3628,San Joaquin River,38.054072,-121.515773, , ,,,,Central Delta Tidal Zone
231,10.20353373,5.462572403,5.080066275,13.57568904,A3629,San Joaquin River,38.053985,-121.513981, , ,,,,Central Delta Tidal Zone
232,10.08211037,5.177026212,5.016812104,13.51469325,A3630,San Joaquin River,38.05331,-121.512328, , ,,,,Central Delta Tidal Zone
233,9.979655719,5.288232598,5.19500001,13.35937266,A3631,San Joaquin River,38.053019,-121.510492, , ,,,,Central Delta Tidal Zone
234,10.38263045,5.099734921,5.04944187,13.18593887,A3632,San Joaquin River,38.052542,-121.508767, , ,,,,Central Delta Tidal Zone
235,10.74274937,4.798337869,4.795826251,13.14915038,A3633,San Joaquin River,38.051768,-121.507369, , ,,,,Central Delta Tidal Zone
236,10.34146293,6.289977074,6.373375657,1.86091905,A3954,Sherman Lake,38.029412,-121.76276, , ,,,,Western Delta Tidal Zone
237,10.11447613,5.828919526,5.919960107,1.829173184,A3955,Sherman Lake,38.030995,-121.763264, , ,,,,Western Delta Tidal Zone
238,11.76657643,6.774874632,6.976862141,4.64706525,A3956,Sherman Lake,38.031906,-121.764274, , ,,,,Western Delta Tidal Zone
239,13.31900317,8.237867853,8.335418784,6.740208341,A3957,Sherman Lake,38.032549,-121.765443, , ,,,,Western Delta Tidal Zone
240,14.52652806,9.02384734,9.089558153,7.71205,A3958,Sherman Lake,38.032062,-121.767036, , ,,,,Western Delta Tidal Zone
241,14.37774536,8.870323954,9.027846596,7.615483576,A3959,Sherman Lake,38.031856,-121.768853, , ,,,,Western Delta Tidal Zone
242,14.10039623,8.12848082,8.161549112,7.258878453,A3960,Sherman Lake,38.031492,-121.770633, , ,,,,Western Delta Tidal Zone
243,13.82144652,8.650518331,8.596499947,7.248274975,A3961,Sherman Lake,38.031512,-121.772439, , ,,,,Western Delta Tidal Zone
244,13.07199711,7.684072872,7.256213793,6.828753514,A3962,Sherman Lake,38.032208,-121.774528, , ,,,,Western Delta Tidal Zone
245,12.77391656,7.546364474,7.554200854,6.826855742,A3963,Sherman Lake,38.033108,-121.775964, , ,,,,Western Delta Tidal Zone
246,13.10835984,7.407334298,7.370300566,6.627988875,A3964,Sherman Lake,38.034306,-121.77692, , ,,,,Western Delta Tidal Zone
247,13.78979528,8.264773272,8.372185299,6.47611635,A3965,Sherman Lake,38.035088,-121.778305, , ,,,,Western Delta Tidal Zone
248,14.35074373,9.237020558,9.167351977,6.36492825,A3966,Sherman Lake,38.035916,-121.779428, , ,,,,Western Delta Tidal Zone
249,15.47160928,9.974316507,9.981642642,6.209719625,A3967,Sherman Lake,38.035865,-121.781187, , ,,,,Western Delta Tidal Zone
250,16.30739795,10.43478526,10.43341368,6.01052475,A3968,Sherman Lake,38.035439,-121.783549, , ,,,,Western Delta Tidal Zone
251,15.14839333,9.191739037,8.744894714,5.710057636,A3969,Sherman Lake,38.036105,-121.785495, , ,,,,Western Delta Tidal Zone
252,14.09304688,8.609161283,8.755507885,5.684519096,A3970,Sherman Lake,38.036721,-121.787511, , ,,,,Western Delta Tidal Zone
253,15.24139839,9.38907068,9.435643564,4.98890125,A3971,Sherman Lake,38.037968,-121.788918, , ,,,,Western Delta Tidal Zone
254,14.57443844,8.594371936,8.687028957,3.979350167,A3972,Sherman Lake,38.039123,-121.790122, , ,,,,Western Delta Tidal Zone
255,13.75773125,8.023105008,7.799484332,3.638535742,A3973,Sherman Lake,38.039348,-121.792694, , ,,,,Western Delta Tidal Zone
256,14.17411228,8.623619808,8.631388889,4.032249354,A3974,Sherman Lake,38.041259,-121.793423, , ,,,,Western Delta Tidal Zone
257,14.436903,8.298460167,8.232839354,3.929490484,A3975,Sherman Lake,38.042289,-121.795308, , ,,,,Western Delta Tidal Zone
258,13.74683189,8.136038813,8.407232378,2.391619037,A3976,Sherman Lake,38.044232,-121.79612, , ,,,,Western Delta Tidal Zone
259,13.7151628,7.354128879,7.417500743,3.047544477,A3977,Sherman Lake,38.046437,-121.794552, , ,,,,Western Delta Tidal Zone
260,14.2080472,8.663856344,8.794094332,2.942000681,A3978,Sherman Lake,38.048224,-121.793596, , ,,,,Western Delta Tidal Zone
261,14.17028752,8.299235892,8.298652398,2.900048338,A3979,Sherman Lake,38.049734,-121.793598, , ,,,,Western Delta Tidal Zone
262,13.87424786,7.835345039,7.803054648,3.674912,A3980,Sherman Lake,38.051349,-121.793528, , ,,,,Western Delta Tidal Zone
263,14.52213172,8.97498393,8.879524046,4.510917333,A3981,Sherman Lake,38.051722,-121.797231, , ,,,,Western Delta Tidal Zone
264,16.38762082,9.180868499,9.249614917,5.497214484,A3982,Sherman Lake,38.053384,-121.796891, , ,,,,Western Delta Tidal Zone
265,15.76225444,8.741205325,8.752107323,4.378392094,A3983,Sherman Lake,38.055048,-121.796346, , ,,,,Western Delta Tidal Zone
266,16.04579691,12.59708005,12.12053352,4.534986,A3984,Sherman Lake,38.056052,-121.798336, , ,,,,Western Delta Tidal Zone
267,15.36180686,9.510707975,9.57197242,2.021428875,A4007,Broad Slough,38.030244,-121.830534, , ,,,,Western Delta Tidal Zone
268,15.53782814,9.359793365,9.592283526,2.0005554,A4008,Broad Slough,38.032108,-121.830429, , ,,,,Western Delta Tidal Zone
269,16.0338532,9.348501202,9.698105762,2.219367,A4009,Broad Slough,38.032591,-121.832643, , ,,,,Western Delta Tidal Zone
270,15.35867739,9.576817628,9.64133417,2.6505465,A4010,Broad Slough,38.034043,-121.833273, , ,,,,Western Delta Tidal Zone
271,15.3636432,9.492074282,9.424093896,2.4468159,A4011,Broad Slough,38.034651,-121.835195, , ,,,,Western Delta Tidal Zone
272,15.36819495,9.650077361,9.722907011,2.62164125,A4012,Broad Slough,38.035961,-121.835716, , ,,,,Western Delta Tidal Zone
273,15.74740457,9.85211049,9.812740249,2.008233,A4013,Broad Slough,38.036959,-121.836964, , ,,,,Western Delta Tidal Zone
274,15.77294434,9.646642161,9.656145805,2.244959,A4014,Broad Slough,38.038482,-121.837065, , ,,,,Western Delta Tidal Zone
275,15.8111014,9.700858905,9.728877475,2.75439975,A4015,Broad Slough,38.039548,-121.838479, , ,,,,Western Delta Tidal Zone
276,16.00926088,9.5386694,9.284447073,2.9183485,A4016,Broad Slough,38.040948,-121.838837, , ,,,,Western Delta Tidal Zone
277,15.95174706,9.416763963,9.395540249,2.919948,A4017,Broad Slough,38.042324,-121.839363, , ,,,,Western Delta Tidal Zone
278,15.61512802,9.499361378,9.666929444,2.5821336,A4018,Broad Slough,38.043754,-121.839639, , ,,,,Western Delta Tidal Zone
279,15.60362346,9.449474913,9.481694705,2.556391059,A4019,Broad Slough,38.045275,-121.83978, , ,,,,Western Delta Tidal Zone
280,15.60965032,9.482457608,9.470575471,2.96713325,A4020,Broad Slough,38.046627,-121.840505, , ,,,,Western Delta Tidal Zone
281,15.552521,9.497985326,9.47409509,2.914277045,A4021,Broad Slough,38.048253,-121.840425, , ,,,,Western Delta Tidal Zone
282,15.33018287,9.140071993,9.166645756,2.8767615,A4022,Broad Slough,38.04958,-121.841282, , ,,,,Western Delta Tidal Zone
283,15.39143632,9.625119162,9.606501237,2.460953019,A4023,Broad Slough,38.051021,-121.841488, , ,,,,Western Delta Tidal Zone
284,15.64578645,9.686566794,9.755070486,2.551923913,A4024,Broad Slough,38.052715,-121.841107, , ,,,,Western Delta Tidal Zone
285,15.79647192,9.800793021,9.808565226,3.012719,A4025,Broad Slough,38.054177,-121.841635, , ,,,,Western Delta Tidal Zone
286,15.99948394,9.41189593,9.405748764,2.622858261,A4026,Broad Slough,38.05531,-121.84276, , ,,,,Western Delta Tidal Zone
287,15.55977923,9.58833748,9.596949538,2.697795222,A4027,Broad Slough,38.056307,-121.844481, , ,,,,Western Delta Tidal Zone
288,15.02500471,9.273540872,9.691393649,2.73645336,A4028,Broad Slough,38.057656,-121.845199, , ,,,,Western Delta Tidal Zone
289,15.4302291,9.541733786,9.549576806,2.73050322,A4029,Broad Slough,38.0587,-121.846808, , ,,,,Western Delta Tidal Zone
290,15.53511152,9.273009788,9.462247719,2.900754,A4030,Broad Slough,38.059986,-121.847809, , ,,,,Western Delta Tidal Zone
291,19.23463737,10.95922955,10.92296117,2.711113281,A4031,Broad Slough,38.060843,-121.850064, , ,,,,Western Delta Tidal Zone
292,15.90479302,10.34446474,10.37930021,3.828663938,A4034,New York Slough,38.045649,-121.889354, , ,,,,Western Delta Tidal Zone
293,16.58920491,10.14964791,10.1812761,3.724296563,A4035,New York Slough,38.044436,-121.888372, , ,,,,Western Delta Tidal Zone
294,17.18952089,9.168865803,9.204013077,3.547444154,A4036,New York Slough,38.04389,-121.886281, , ,,,,Western Delta Tidal Zone
295,17.22567853,9.520609109,9.635100827,3.506841462,A4037,New York Slough,38.04352,-121.883766, , ,,,,Western Delta Tidal Zone
296,16.37181929,8.594996337,8.572268084,3.508030833,A4038,New York Slough,38.042647,-121.882183, , ,,,,Western Delta Tidal Zone
297,15.08265479,8.454664183,8.453466706,3.0379911,A4039,New York Slough,38.041611,-121.880849, , ,,,,Western Delta Tidal Zone
298,14.48083445,8.268605026,8.200902492,3.270607615,A4040,New York Slough,38.040155,-121.880405, , ,,,,Western Delta Tidal Zone
299,15.00418159,8.705974342,8.571218364,3.365523,A4041,New York Slough,38.037407,-121.881753, , ,,,,Western Delta Tidal Zone
300,15.66841548,9.270221623,9.206173169,3.716898875,A4042,New York Slough,38.036172,-121.880932, , ,,,,Western Delta Tidal Zone
301,16.00511646,9.606388599,9.464495881,3.956424,A4043,New York Slough,38.035948,-121.878463, , ,,,,Western Delta Tidal Zone
302,16.02276947,9.596276278,9.498356581,3.867309,A4044,New York Slough,38.035489,-121.876744, , ,,,,Western Delta Tidal Zone
303,16.81164084,10.10398078,10.32656664,3.8460585,A4045,New York Slough,38.034781,-121.875168, , ,,,,Western Delta Tidal Zone
304,16.85706575,8.904156654,8.88627932,3.8460585,A4046,New York Slough,38.034185,-121.873564, , ,,,,Western Delta Tidal Zone
305,16.38182042,9.062569738,9.097580112,3.713546077,A4047,New York Slough,38.033587,-121.871939, , ,,,,Western Delta Tidal Zone
306,15.77872191,9.789662911,10.104974,3.4114515,A4048,New York Slough,38.03284,-121.870368, , ,,,,Western Delta Tidal Zone
307,15.1130175,9.182374487,9.097154073,3.2094575,A4049,New York Slough,38.032083,-121.868803, , ,,,,Western Delta Tidal Zone
308,23.27763159,13.07714429,13.1275287,3.20705825,A4050,New York Slough,38.03192,-121.866996, , ,,,,Western Delta Tidal Zone
309,19.75117395,9.831550849,9.64210563,2.689250885,A4051,New York Slough,38.031827,-121.865154, , ,,,,Western Delta Tidal Zone
310,16.24317537,9.688473996,9.71035837,2.6628855,A4052,New York Slough,38.031665,-121.863341, , ,,,,Western Delta Tidal Zone
311,15.79280889,9.934577396,10.09866903,2.567442808,A4053,New York Slough,38.031483,-121.861521, , ,,,,Western Delta Tidal Zone
312,15.42567818,9.445650585,9.433313691,2.45483625,A4054,New York Slough,38.031095,-121.859744, , ,,,,Western Delta Tidal Zone
313,16.28871017,10.24002316,10.25036819,2.581100077,A4055,New York Slough,38.030741,-121.85802, , ,,,,Western Delta Tidal Zone
314,16.39950991,10.24670525,10.25036819,2.555262,A4056,New York Slough,38.031289,-121.856134, , ,,,,Western Delta Tidal Zone
315,16.16011396,9.915788678,9.891998036,2.579992731,A4057,New York Slough,38.031588,-121.854256, , ,,,,Western Delta Tidal Zone
316,16.10849492,9.451682339,9.12125675,2.605830808,A4058,New York Slough,38.03311,-121.851741, , ,,,,Western Delta Tidal Zone
317,16.14408572,10.21973637,10.22582229,2.631638125,A4059,New York Slough,38.032832,-121.849683, , ,,,,Western Delta Tidal Zone
318,15.65263187,10.17054253,10.03191729,2.488452115,A4060,New York Slough,38.030039,-121.848901, , ,,,,Western Delta Tidal Zone
319,16.18644495,10.47214221,10.44050679,2.45826375,A4061,New York Slough,38.028757,-121.847555, , ,,,,Western Delta Tidal Zone
320,16.54865238,9.279729209,9.311462528,2.620964538,A4062,New York Slough,38.027808,-121.846191, , ,,,,Western Delta Tidal Zone
321,16.74055259,9.40797981,9.350291255,2.672640692,A4063,New York Slough,38.027534,-121.844211, , ,,,,Western Delta Tidal Zone
322,16.76476148,9.463475152,9.398939305,2.56166,A4064,New York Slough,38.027112,-121.842381, , ,,,,Western Delta Tidal Zone
323,16.70048768,9.906786972,10.00467062,2.36764065,A4065,New York Slough,38.027548,-121.840489, , ,,,,Western Delta Tidal Zone
324,16.895365,10.40238505,10.40510851,2.390742,A4066,New York Slough,38.027595,-121.838595, , ,,,,Western Delta Tidal Zone
325,16.807094,10.71372547,10.98834432,2.3575638,A4067,New York Slough,38.027016,-121.836707, , ,,,,Western Delta Tidal Zone
326,16.77121121,10.24598708,10.25653675,2.311365828,A4068,New York Slough,38.027256,-121.834931, , ,,,,Western Delta Tidal Zone
327,16.47387551,9.767967916,10.03782488,2.2255365,A4069,New York Slough,38.026248,-121.833116, , ,,,,Western Delta Tidal Zone
328,16.2246125,9.911133579,10.01180957,2.232562875,A4070,New York Slough,38.027478,-121.831348, , ,,,,Western Delta Tidal Zone
329,14.02763645,8.080477403,8.160103938,10.7289355,A4382,Old River,38.073947,-121.570547, , ,,,,Central Delta Tidal Zone
330,14.24051575,6.865153725,6.895169453,10.4638755,A4383,Old River,38.072749,-121.57151, , ,,,,Central Delta Tidal Zone
331,14.78012367,8.229273556,8.408334659,9.901895189,A4384,Old River,38.071761,-121.572781, , ,,,,Central Delta Tidal Zone
332,15.21908559,8.267860687,8.260738961,9.150055655,A4385,Old River,38.071409,-121.574613, , ,,,,Central Delta Tidal Zone
333,15.09494771,8.969621617,9.027200011,9.002668778,A4386,Old River,38.071216,-121.576569, , ,,,,Central Delta Tidal Zone
335,20.07589296,11.22151005,11.24526903,8.236686,A4388,Old River,38.069722,-121.579872, , ,,,,Central Delta Tidal Zone
336,20.66651177,10.95084778,10.94071497,7.912971808,A4389,Old River,38.068038,-121.579754, , ,,,,Central Delta Tidal Zone
337,21.26592914,11.89118196,11.89974937,7.613317227,A4390,Old River,38.066556,-121.579702, , ,,,,Central Delta Tidal Zone
338,21.34606013,12.15354933,12.21052632,7.43101785,A4391,Old River,38.064965,-121.579416, , ,,,,Central Delta Tidal Zone
339,22.16511548,13.16968714,13.15182273,7.095042875,A4392,Old River,38.063665,-121.580124, , ,,,,Central Delta Tidal Zone
340,22.71938593,13.56028767,13.57845104,6.798202333,A4393,Old River,38.062316,-121.580831, , ,,,,Central Delta Tidal Zone
341,16.18487789,9.975907009,10.02538557,1.582943722,A4873,False River,38.058768,-121.679362, , ,,,,Central Delta Tidal Zone
342,11.48937264,6.739866547,6.851907181,1.38202875,A4874,False River,38.058636,-121.677506, , ,,,,Central Delta Tidal Zone
343,12.21649684,6.527689519,6.521955591,1.423585225,A4875,False River,38.058882,-121.675457, , ,,,,Central Delta Tidal Zone
344,12.29865564,7.588940153,6.871825515,1.5590934,A4876,False River,38.058624,-121.673573, , ,,,,Central Delta Tidal Zone
345,12.1651126,7.095464297,7.02689243,1.5274233,A4877,False River,38.057951,-121.671926, , ,,,,Central Delta Tidal Zone
346,12.19549628,7.505170076,7.505170076,1.548684346,A4878,False River,38.057335,-121.670252, , ,,,,Central Delta Tidal Zone
347,12.58154804,7.7032905,7.642693496,1.551175875,A4879,False River,38.056765,-121.668618, , ,,,,Central Delta Tidal Zone
349,13.13118007,7.444300561,7.42603845,1.460670833,A4881,False River,38.056455,-121.665115, , ,,,,Central Delta Tidal Zone
350,13.30526845,8.697096285,8.801112005,1.6198744,A4882,False River,38.056514,-121.663273, , ,,,,Central Delta Tidal Zone
351,13.56574248,8.573890511,8.524730998,1.557174,A4883,False River,38.056559,-121.66148, , ,,,,Central Delta Tidal Zone
352,13.57368266,8.13886926,8.206278027,1.447177615,A4884,False River,38.056784,-121.659724, , ,,,,Central Delta Tidal Zone
353,13.35318866,7.208389661,7.217270103,1.56437175,A4885,False River,38.056996,-121.657796, , ,,,,Central Delta Tidal Zone
354,13.53178495,7.717552407,7.716849452,1.616970692,A4886,False River,38.056476,-121.655833, , ,,,,Central Delta Tidal Zone
355,14.11582028,8.645732685,8.796618339,1.595562,A4887,False River,38.05543,-121.653818, , ,,,,Central Delta Tidal Zone
356,14.27165621,8.722158075,8.591647563,1.757972769,A4888,False River,38.055149,-121.651923, , ,,,,Central Delta Tidal Zone
357,14.29118718,8.431665635,8.480157427,1.780704125,A4889,False River,38.055493,-121.650143, , ,,,,Central Delta Tidal Zone
358,14.0631466,8.15819221,8.178827751,1.75151325,A4890,False River,38.055333,-121.648195, , ,,,,Central Delta Tidal Zone
359,13.8980483,8.249228977,7.827490116,1.890936333,A4891,False River,38.055805,-121.646504, , ,,,,Central Delta Tidal Zone
360,13.85793794,8.797019196,9.043773058,1.920014423,A4892,False River,38.055259,-121.644827, , ,,,,Central Delta Tidal Zone
361,14.12664962,8.016367171,7.849591063,1.923604909,A4893,False River,38.054927,-121.643046, , ,,,,Central Delta Tidal Zone
362,13.97938718,8.771535726,8.899977567,1.971321462,A4894,False River,38.054276,-121.641373, , ,,,,Central Delta Tidal Zone
363,13.85495548,8.692380056,8.621033726,2.049363,A4895,False River,38.054011,-121.63954, , ,,,,Central Delta Tidal Zone
364,13.81647795,7.857437925,8.022350828,2.0331852,A4896,False River,38.053814,-121.63776, , ,,,,Central Delta Tidal Zone
365,13.48767288,7.164992333,7.158893719,2.135611364,A4897,False River,38.053236,-121.635969, , ,,,,Central Delta Tidal Zone
366,13.27925228,7.3732606,7.347506318,2.149235077,A4898,False River,38.051979,-121.635222, , ,,,,Central Delta Tidal Zone
367,13.16772473,7.67017566,7.668880143,2.150188625,A4899,False River,38.051025,-121.634075, , ,,,,Central Delta Tidal Zone
368,13.3451109,7.950799034,8.023359568,2.007833125,A4900,False River,38.050176,-121.632503, , ,,,,Central Delta Tidal Zone
369,14.07675434,8.06250314,8.0624999,2.000635375,A4901,False River,38.049615,-121.630555, , ,,,,Central Delta Tidal Zone
370,14.18868707,8.349528138,8.197703445,2.056587115,A4902,False River,38.049909,-121.628634, , ,,,,Central Delta Tidal Zone
371,13.76811497,8.456271694,8.214250025,2.1761805,A4903,False River,38.050924,-121.6271, , ,,,,Central Delta Tidal Zone
372,13.82836203,8.134716515,8.152595903,2.31705075,A4904,False River,38.051982,-121.625794, , ,,,,Central Delta Tidal Zone
373,14.2302289,8.602628086,8.681975076,2.381316375,A4905,False River,38.053459,-121.625233, , ,,,,Central Delta Tidal Zone
374,14.71521263,9.083746057,9.081838123,2.523148962,A4906,False River,38.054858,-121.624736, , ,,,,Central Delta Tidal Zone
375,15.31710491,9.777860158,9.796552238,2.633237625,A4907,False River,38.056223,-121.624121, , ,,,,Central Delta Tidal Zone
376,15.29555974,9.888182931,9.880554525,2.77039475,A4908,False River,38.057572,-121.623493, , ,,,,Central Delta Tidal Zone
377,14.76227201,10.0549736,10.04997501,2.64883275,A4909,False River,38.058896,-121.622756, , ,,,,Central Delta Tidal Zone
378,13.94758996,8.155232429,7.976809276,2.703646385,A4910,False River,38.060191,-121.621972, , ,,,,Central Delta Tidal Zone
379,13.2076383,7.53175688,7.571597048,2.74960125,A4911,False River,38.06133,-121.621074, , ,,,,Central Delta Tidal Zone
380,12.97360321,7.623084035,7.538356047,2.580854,A4912,False River,38.061984,-121.619516, , ,,,,Central Delta Tidal Zone
381,13.26209234,8.695283626,8.733876381,2.510476,A4913,False River,38.062793,-121.618126, , ,,,,Central Delta Tidal Zone
382,13.16697516,7.51016273,7.45217274,2.561260125,A4914,False River,38.062835,-121.616459, , ,,,,Central Delta Tidal Zone
383,13.0137813,7.523291313,7.516731595,2.572241308,A4915,False River,38.062666,-121.614717, , ,,,,Central Delta Tidal Zone
384,12.90022835,7.81121194,7.821792632,2.55629025,A4916,False River,38.062292,-121.613021, , ,,,,Central Delta Tidal Zone
385,13.06421685,7.227045002,7.172293544,2.53686775,A4917,False River,38.061785,-121.611351, , ,,,,Central Delta Tidal Zone
386,13.3139667,7.426214247,7.091149564,2.575194231,A4918,False River,38.061312,-121.609621, , ,,,,Central Delta Tidal Zone
387,13.80610489,8.15281834,8.323771169,2.733175615,A4919,False River,38.06082,-121.607903, , ,,,,Central Delta Tidal Zone
388,14.14543796,6.818016894,6.774837743,2.842433769,A4920,False River,38.06035,-121.606152, , ,,,,Central Delta Tidal Zone
389,13.97199558,7.191882742,7.100769,2.980529063,A4921,False River,38.060104,-121.604235, , ,,,,Central Delta Tidal Zone
390,14.50626738,7.847011863,7.864775791,3.019978269,A4922,False River,38.060752,-121.6024, , ,,,,Central Delta Tidal Zone
391,14.91972334,8.102905048,8.059112728,3.079607182,A4923,False River,38.061483,-121.600775, , ,,,,Central Delta Tidal Zone
392,14.84626703,8.444352688,8.611658862,3.129236423,A4924,False River,38.06252,-121.59942, , ,,,,Central Delta Tidal Zone
393,14.95730014,8.164175087,8.17151901,3.15576,A4925,False River,38.063473,-121.598088, , ,,,,Central Delta Tidal Zone
394,15.16902345,8.043226624,8.107418085,3.4484685,A4926,False River,38.063989,-121.596593, , ,,,,Central Delta Tidal Zone
395,15.56474522,7.920775502,7.882905385,4.024449794,A4927,False River,38.063655,-121.594852, , ,,,,Central Delta Tidal Zone
396,14.91945904,7.838014768,7.794151564,4.3546995,A4928,False River,38.063448,-121.593045, , ,,,,Central Delta Tidal Zone
397,14.26912663,7.653507367,7.636945222,4.35024375,A4929,False River,38.063207,-121.591205, , ,,,,Central Delta Tidal Zone
398,16.86874262,9.455112371,9.393447472,4.486093721,A4930,False River,38.062998,-121.589429, , ,,,,Central Delta Tidal Zone
399,20.45200322,11.07171378,11.17798285,5.2398628,A4931,False River,38.062593,-121.587743, , ,,,,Central Delta Tidal Zone
400,22.01087631,12.39047821,12.52415135,6.085587,A4932,False River,38.061938,-121.586075, , ,,,,Central Delta Tidal Zone
401,22.39071083,12.72114645,12.70442461,6.53561775,A4933,False River,38.061345,-121.58444, , ,,,,Central Delta Tidal Zone
402,12.16525343,6.946659731,4.965875017,12.39807607,A4934,Middle River,38.055024,-121.534759, , ,,,,Central Delta Tidal Zone
403,9.572547274,5.794520852,5.822904184,8.697907677,A614,Sacramento River,38.171769,-121.593926, , ,,,,North Delta Tidal Transition Zone
404,9.731321578,5.792285209,5.7551798,8.64610378,A615,Sacramento River,38.170578,-121.594959, , ,,,,North Delta Tidal Transition Zone
405,10.11742416,5.964618033,5.95190779,8.668427962,A616,Sacramento River,38.16938,-121.596008, , ,,,,North Delta Tidal Transition Zone
406,10.08885329,5.846605387,5.730459827,8.706567503,A617,Sacramento River,38.168205,-121.597089, , ,,,,North Delta Tidal Transition Zone
407,10.38956291,6.11227651,5.813838224,8.6774625,A618,Sacramento River,38.167249,-121.598422, , ,,,,North Delta Tidal Transition Zone
408,10.54737062,6.228956522,6.210490541,8.824902125,A619,Sacramento River,38.166432,-121.599938, , ,,,,North Delta Tidal Transition Zone
409,10.37402956,6.147008173,5.732136673,8.822975455,A620,Sacramento River,38.165634,-121.601487, , ,,,,North Delta Tidal Transition Zone
410,10.4043837,6.171352335,5.793615281,8.8694025,A621,Sacramento River,38.164908,-121.603087, , ,,,,North Delta Tidal Transition Zone
411,10.42527429,6.172738041,5.79854045,8.885683125,A622,Sacramento River,38.164292,-121.604763, , ,,,,North Delta Tidal Transition Zone
412,10.20925788,6.108399255,5.756718087,8.89305225,A623,Sacramento River,38.163877,-121.60651, , ,,,,North Delta Tidal Transition Zone
413,9.996464413,6.0757219,5.589118723,8.964858375,A624,Sacramento River,38.163647,-121.608327, , ,,,,North Delta Tidal Transition Zone
414,7.736261974,4.876172228,5.014955135,1.3028535,A6244,Big Break,38.018405,-121.725102, , ,,,,Western Delta Tidal Zone
415,8.198839228,4.62583228,4.752900765,1.292974235,A6245,Big Break,38.01803,-121.723269, , ,,,,Western Delta Tidal Zone
416,8.29408258,4.510919742,4.473591107,1.292997122,A6246,Big Break,38.017351,-121.721431, , ,,,,Western Delta Tidal Zone
417,8.475344998,4.545239357,4.708341629,1.248507698,A6247,Big Break,38.016799,-121.719589, , ,,,,Western Delta Tidal Zone
418,8.287484493,4.720306797,4.665172283,1.286303571,A6248,Big Break,38.016564,-121.717774, , ,,,,Western Delta Tidal Zone
419,7.460250172,3.854881969,3.959955695,1.462512682,A6249,Big Break,38.015912,-121.7159, , ,,,,Western Delta Tidal Zone
420,10.15022654,6.082225673,5.303557032,9.005553346,A625,Sacramento River,38.163547,-121.610142, , ,,,,North Delta Tidal Transition Zone
421,6.886526913,3.698907229,3.805053431,1.463549933,A6250,Big Break,38.01487,-121.714053, , ,,,,Western Delta Tidal Zone
422,10.58971153,6.273709076,5.611711164,9.067933846,A626,Sacramento River,38.163434,-121.612003, , ,,,,North Delta Tidal Transition Zone
423,10.85418417,6.464333544,6.053220854,9.043233875,A627,Sacramento River,38.163385,-121.613848, , ,,,,North Delta Tidal Transition Zone
424,10.85721524,6.437254802,6.074766355,9.05140275,A628,Sacramento River,38.163544,-121.61567, , ,,,,North Delta Tidal Transition Zone
425,10.72642175,6.31483257,6.06045497,9.094417875,A629,Sacramento River,38.163868,-121.617459, , ,,,,North Delta Tidal Transition Zone
426,10.39329449,6.113237568,6.046141667,9.065582444,A630,Sacramento River,38.164194,-121.619235, , ,,,,North Delta Tidal Transition Zone
427,10.1677035,5.978381165,5.629172063,9.093849632,A631,Sacramento River,38.164559,-121.621021, , ,,,,North Delta Tidal Transition Zone
428,10.4127011,6.17677527,5.729503475,9.16930875,A632,Sacramento River,38.165041,-121.622748, , ,,,,North Delta Tidal Transition Zone
429,10.6034053,6.269047743,5.893762619,9.24197175,A633,Sacramento River,38.165586,-121.624453, , ,,,,North Delta Tidal Transition Zone
430,10.60367516,6.268734643,5.898443343,9.292356,A634,Sacramento River,38.166171,-121.626153, , ,,,,North Delta Tidal Transition Zone
431,10.50679359,6.217700075,5.91454038,9.2971545,A635,Sacramento River,38.166892,-121.627696, , ,,,,North Delta Tidal Transition Zone
432,10.58743059,6.2186707,5.91454038,9.3803285,A636,Sacramento River,38.167832,-121.629125, , ,,,,North Delta Tidal Transition Zone
433,10.5724528,6.127936429,5.760047752,9.459934385,A637,Sacramento River,38.16893,-121.630281, , ,,,,North Delta Tidal Transition Zone
434,10.68269967,6.151182847,5.859857653,9.507181154,A638,Sacramento River,38.169999,-121.631504, , ,,,,North Delta Tidal Transition Zone
435,10.7846255,6.239203193,5.937793804,9.595347,A639,Sacramento River,38.170829,-121.633002, , ,,,,North Delta Tidal Transition Zone
436,10.88846557,6.241074423,5.90159036,9.609426115,A640,Sacramento River,38.171526,-121.63461, , ,,,,North Delta Tidal Transition Zone
437,10.70434545,6.321128542,6.11435933,9.599023773,A641,Sacramento River,38.172153,-121.636235, , ,,,,North Delta Tidal Transition Zone
438,10.897555,6.468705294,6.119514024,9.599537395,A642,Sacramento River,38.172694,-121.637951, , ,,,,North Delta Tidal Transition Zone
439,10.37395373,6.015667973,5.317665856,9.695218301,A643,Sacramento River,38.172878,-121.639755, , ,,,,North Delta Tidal Transition Zone
440,10.13016125,5.99591512,5.510651987,9.614562647,A644,Sacramento River,38.172804,-121.641568, , ,,,,North Delta Tidal Transition Zone
441,9.988066656,5.88224631,5.524201516,9.868023667,A645,Sacramento River,38.172775,-121.64345, , ,,,,North Delta Tidal Transition Zone
442,10.92528931,6.307972663,6.815362897,9.91376175,A646,Sacramento River,38.172858,-121.645277, , ,,,,North Delta Tidal Transition Zone
443,10.72198483,6.195626411,5.737826493,9.936831462,A647,Sacramento River,38.172988,-121.647121, , ,,,,North Delta Tidal Transition Zone
444,10.74580978,6.274907561,6.252988735,10.02892575,A648,Sacramento River,38.17305,-121.648914, , ,,,,North Delta Tidal Transition Zone
445,10.45832563,6.053290981,5.650684932,10.0940254,A649,Sacramento River,38.173458,-121.650671, , ,,,,North Delta Tidal Transition Zone
446,10.67241657,6.168080415,6.760045106,10.20799705,A650,Sacramento River,38.173849,-121.652425, , ,,,,North Delta Tidal Transition Zone
447,10.21098922,5.907426265,5.152794797,10.4268585,A651,Sacramento River,38.174403,-121.654101, , ,,,,North Delta Tidal Transition Zone
448,9.850425029,5.717218415,4.760480903,10.64996238,A652,Sacramento River,38.175012,-121.655747, , ,,,,North Delta Tidal Transition Zone
449,9.684556618,5.690625155,4.724448412,10.91978573,A653,Sacramento River,38.17535,-121.657546, , ,,,,North Delta Tidal Transition Zone
450,9.479645172,5.502453659,4.671943449,11.3522835,A654,Sacramento River,38.175767,-121.659425, , ,,,,North Delta Tidal Transition Zone
451,9.154929067,5.252178206,4.585717728,12.03538425,A655,Sacramento River,38.175936,-121.661218, , ,,,,North Delta Tidal Transition Zone
452,8.966789246,5.07459165,6.192057674,12.49823385,A656,Sacramento River,38.175484,-121.66326, , ,,,,North Delta Tidal Transition Zone
453,8.273136047,4.664827679,3.47947112,12.82285238,A657,Sacramento River,38.176846,-121.664573, , ,,,,North Delta Tidal Transition Zone
454,11.2022524,6.405711669,6.405711669,,A658,Sacramento River,38.179403,-121.666553, , ,,,,Western Delta Tidal Zone
455,8.092986239,4.570214443,3.222117257,13.18615419,A659,Sacramento River,38.178146,-121.667403, , ,,,,Western Delta Tidal Zone
456,6.895296067,3.810302989,3.477409792,13.27551087,A660,Sacramento River,38.17685,-121.668186, , ,,,,Western Delta Tidal Zone
457,6.135450846,3.300287689,3.145687194,12.68581829,A661,Sacramento River,38.175172,-121.668093, , ,,,,Western Delta Tidal Zone
458,6.010066431,3.265370469,3.145765433,12.93548383,A662,Sacramento River,38.173881,-121.668833, , ,,,,Western Delta Tidal Zone
459,5.902558723,3.234341175,3.12313123,13.41537485,A663,Sacramento River,38.173097,-121.670531, , ,,,,Western Delta Tidal Zone
460,5.900763443,3.255109981,3.229021327,13.33675327,A664,Sacramento River,38.171934,-121.671539, , ,,,,Western Delta Tidal Zone
461,6.211055907,3.391236396,3.247820681,13.41352927,A665,Sacramento River,38.170822,-121.672684, , ,,,,Western Delta Tidal Zone
462,6.261602049,3.43903523,3.247820681,13.46145275,A666,Sacramento River,38.169569,-121.673563, , ,,,,Western Delta Tidal Zone
463,6.17425577,3.455259629,3.294515776,13.71509654,A667,Sacramento River,38.168213,-121.674246, , ,,,,Western Delta Tidal Zone
464,6.237612228,3.521040168,3.299820824,13.99768513,A668,Sacramento River,38.16706,-121.675362, , ,,,,Western Delta Tidal Zone
465,6.266682954,3.491648046,3.156270232,14.05911208,A669,Sacramento River,38.165792,-121.676228, , ,,,,Western Delta Tidal Zone
466,6.242899089,3.506347976,3.211533689,14.090856,A670,Sacramento River,38.164247,-121.676545, , ,,,,Western Delta Tidal Zone
467,4.735927072,2.532075083,2.524953059,13.70814487,A671,Sacramento River,38.163116,-121.677796, , ,,,,Western Delta Tidal Zone
468,4.970476331,2.726173755,2.706974906,13.6296115,A672,Sacramento River,38.161903,-121.678815, , ,,,,Western Delta Tidal Zone
469,5.026999081,2.756703443,2.73708654,13.956498,A673,Sacramento River,38.160698,-121.679795, , ,,,,Western Delta Tidal Zone
470,5.56986232,3.084740102,2.773935382,14.00347866,A674,Sacramento River,38.159559,-121.680992, , ,,,,Western Delta Tidal Zone
471,6.017603835,3.381823976,3.486985893,14.28776287,A675,Sacramento River,38.158896,-121.682897, , ,,,,Western Delta Tidal Zone
472,6.011859242,3.358203818,3.617866005,14.33688818,A676,Sacramento River,38.157555,-121.683731, , ,,,,Western Delta Tidal Zone
473,5.922927436,3.360140871,3.702233251,14.29689159,A677,Sacramento River,38.156438,-121.685087, , ,,,,Western Delta Tidal Zone
474,5.868975106,3.33715837,3.665259507,14.33437987,A678,Sacramento River,38.154962,-121.685628, , ,,,,Western Delta Tidal Zone
475,5.909028955,3.366499979,3.675374988,14.35458894,A679,Sacramento River,38.153518,-121.685911, , ,,,,Western Delta Tidal Zone
476,5.919252311,3.350641039,3.656597774,14.2901437,A680,Sacramento River,38.152093,-121.686369, , ,,,,Western Delta Tidal Zone
477,6.009231555,3.419695384,3.657233727,14.37536061,A681,Sacramento River,38.15067,-121.686748, , ,,,,Western Delta Tidal Zone
479,6.666039874,3.837253087,3.891263294,14.45358706,A683,Sacramento River,38.147878,-121.687732, , ,,,,Western Delta Tidal Zone
480,6.599452866,3.723421809,3.863636714,14.51681515,A684,Sacramento River,38.146499,-121.688278, , ,,,,Western Delta Tidal Zone
481,5.933566266,3.447985262,3.075249679,14.57790375,A685,Sacramento River,38.145109,-121.688753, , ,,,,Western Delta Tidal Zone
482,5.934451855,3.420487553,3.010975972,14.59452078,A686,Sacramento River,38.143708,-121.689199, , ,,,,Western Delta Tidal Zone
483,5.9224704,3.405472331,2.984373455,14.62016746,A687,Sacramento River,38.142225,-121.689413, , ,,,,Western Delta Tidal Zone
484,6.069370704,3.505438619,3.199326773,14.72496889,A688,Sacramento River,38.140817,-121.689861, , ,,,,Western Delta Tidal Zone
485,6.247175308,3.652576158,3.421338871,14.759447,A689,Sacramento River,38.139442,-121.690408, , ,,,,Western Delta Tidal Zone
486,6.306707538,3.684397052,3.421338871,14.79044421,A690,Sacramento River,38.137978,-121.690673, , ,,,,Western Delta Tidal Zone
487,6.363123957,3.705431057,3.413922674,14.73848213,A691,Sacramento River,38.13658,-121.691106, , ,,,,Western Delta Tidal Zone
488,6.571098102,3.879406123,3.539648013,14.77919255,A692,Sacramento River,38.135137,-121.691311, , ,,,,Western Delta Tidal Zone
489,6.667554763,3.935766245,3.59402808,14.87285155,A693,Sacramento River,38.133771,-121.691922, , ,,,,Western Delta Tidal Zone
490,6.704178514,3.881872975,3.59402808,14.94303406,A694,Sacramento River,38.132252,-121.691732, , ,,,,Western Delta Tidal Zone
491,6.679752321,3.859718385,3.673580754,14.94958756,A695,Sacramento River,38.130808,-121.692024, , ,,,,Western Delta Tidal Zone
492,6.691138434,3.936130711,3.688504335,14.97704298,A696,Sacramento River,38.129471,-121.692688, , ,,,,Western Delta Tidal Zone
493,6.7891147,3.985124108,3.723667293,14.96037729,A697,Sacramento River,38.128173,-121.6936, , ,,,,Western Delta Tidal Zone
494,6.99487702,4.16214399,4.005142405,14.99508534,A698,Sacramento River,38.126895,-121.694445, , ,,,,Western Delta Tidal Zone
495,7.289819688,4.348338924,4.005142405,15.00690513,A699,Sacramento River,38.125628,-121.695282, , ,,,,Western Delta Tidal Zone
496,7.608429376,4.480565689,3.896360759,14.95369739,A700,Sacramento River,38.124178,-121.69573, , ,,,,Western Delta Tidal Zone
497,7.716473149,4.514956636,3.953223893,14.91722625,A701,Sacramento River,38.123,-121.696791, , ,,,,Western Delta Tidal Zone
498,7.840628501,4.604343523,3.955696203,14.95270088,A702,Sacramento River,38.121737,-121.697703, , ,,,,Western Delta Tidal Zone
499,7.82459148,4.589032081,4.02531896,15.04867833,A703,Sacramento River,38.120354,-121.698267, , ,,,,Western Delta Tidal Zone
500,7.678291569,4.546438263,4.074770052,15.10094025,A704,Sacramento River,38.119192,-121.699411, , ,,,,Western Delta Tidal Zone
501,7.636228784,4.563137491,4.067553421,15.146526,A705,Sacramento River,38.117996,-121.700464, , ,,,,Western Delta Tidal Zone
502,7.517607241,4.456533097,4.100103628,15.194511,A706,Sacramento River,38.117002,-121.701837, , ,,,,Western Delta Tidal Zone
503,7.709098569,4.596086749,4.125445192,15.23112178,A707,Sacramento River,38.115674,-121.702639, , ,,,,Western Delta Tidal Zone
504,7.896445721,4.763215507,4.328683091,15.26391787,A708,Sacramento River,38.114549,-121.703733, , ,,,,Western Delta Tidal Zone
505,8.041506624,4.814608114,4.43322944,15.2733435,A709,Sacramento River,38.113534,-121.705145, , ,,,,Western Delta Tidal Zone
506,8.13276497,4.879057455,4.607086302,15.319729,A710,Sacramento River,38.11295,-121.707198, , ,,,,Western Delta Tidal Zone
507,8.373144688,5.075822171,4.845095516,15.38749415,A711,Sacramento River,38.112206,-121.708478, , ,,,,Western Delta Tidal Zone
508,8.589892457,5.132115255,5.050980004,15.45434089,A712,Sacramento River,38.110984,-121.709286, , ,,,,Western Delta Tidal Zone
509,8.672544751,5.191539295,5.083151851,15.5681542,A713,Sacramento River,38.10826,-121.708979, , ,,,,Western Delta Tidal Zone
510,8.78566059,5.267193835,5.117798456,15.56662694,A714,Sacramento River,38.107494,-121.710506, , ,,,,Western Delta Tidal Zone
511,8.910194588,5.34494468,5.296243145,15.69107302,A715,Sacramento River,38.105699,-121.711053, , ,,,,Western Delta Tidal Zone
512,9.084350759,5.438901452,5.346534653,15.66939703,A716,Sacramento River,38.10667,-121.714317, , ,,,,Western Delta Tidal Zone
513,9.424194282,5.683271343,5.470567618,15.62736879,A717,Sacramento River,38.105665,-121.71561, , ,,,,Western Delta Tidal Zone
514,9.828693885,5.807092933,5.455715643,15.59013905,A718,Sacramento River,38.104516,-121.716768, , ,,,,Western Delta Tidal Zone
515,10.15324946,5.821396011,5.381986702,15.54728348,A719,Sacramento River,38.103715,-121.718304, , ,,,,Western Delta Tidal Zone
516,10.46922083,6.029442484,5.575361458,15.52029488,A720,Sacramento River,38.10264,-121.719538, , ,,,,Western Delta Tidal Zone
517,11.01974165,6.348431573,5.560507031,15.48010448,A721,Sacramento River,38.101621,-121.720836, , ,,,,Western Delta Tidal Zone
518,11.09239469,6.465967513,5.718387959,15.35494085,A722,Sacramento River,38.100917,-121.722502, , ,,,,Western Delta Tidal Zone
519,11.24928121,6.745089475,5.7381919,15.38040844,A723,Sacramento River,38.099854,-121.72377, , ,,,,Western Delta Tidal Zone
520,11.23071884,6.784433697,5.686206555,15.61477962,A724,Sacramento River,38.098673,-121.724866, , ,,,,Western Delta Tidal Zone
521,10.82488305,6.607305087,5.658415842,15.65391522,A725,Sacramento River,38.097768,-121.726288, , ,,,,Western Delta Tidal Zone
522,10.25283768,6.456421905,5.618811881,15.90402714,A726,Sacramento River,38.096837,-121.727697, , ,,,,Western Delta Tidal Zone
523,10.19516677,6.252182264,5.63422121,16.02018393,A727,Sacramento River,38.095745,-121.728937, , ,,,,Western Delta Tidal Zone
524,10.24561533,6.24218931,5.753044856,16.08686062,A728,Sacramento River,38.094915,-121.730428, , ,,,,Western Delta Tidal Zone
525,10.34701365,6.25330732,5.718387959,16.09050678,A729,Sacramento River,38.093991,-121.731833, , ,,,,Western Delta Tidal Zone
526,9.75611897,5.965095475,5.668597714,16.01514504,A730,Sacramento River,38.092843,-121.732989, , ,,,,Western Delta Tidal Zone
528,9.958222706,6.24875929,5.701276848,16.46783604,A732,Sacramento River,38.090968,-121.735857, , ,,,,Western Delta Tidal Zone
529,10.82472334,6.317791792,6.022963476,16.63157902,A733,Sacramento River,38.090121,-121.737349, , ,,,,Western Delta Tidal Zone
530,11.00460553,6.459508742,6.201435548,16.64713278,A734,Sacramento River,38.08941,-121.738916, , ,,,,Western Delta Tidal Zone
531,11.07002443,6.654240656,6.060681054,16.63738304,A735,Sacramento River,38.086885,-121.738725, , ,,,,Western Delta Tidal Zone
532,11.20912475,6.808444428,6.284031284,16.73465813,A736,Sacramento River,38.087311,-121.741526, , ,,,,Western Delta Tidal Zone
533,11.53189832,7.094606214,6.296406296,16.76808807,A737,Sacramento River,38.086761,-121.743291, , ,,,,Western Delta Tidal Zone
534,11.54054514,7.326642366,6.276606277,16.8730263,A738,Sacramento River,38.085898,-121.744755, , ,,,,Western Delta Tidal Zone
535,11.6615279,7.042186398,6.237623762,16.91064654,A739,Sacramento River,38.085142,-121.746359, , ,,,,Western Delta Tidal Zone
536,11.86948712,6.888982904,6.296406296,16.92317063,A740,Sacramento River,38.08437,-121.747922, , ,,,,Western Delta Tidal Zone
537,12.23777558,7.298576803,6.78960396,17.00680162,A741,Sacramento River,38.083504,-121.74939, , ,,,,Western Delta Tidal Zone
538,12.43276618,7.493251712,6.856435644,17.0288299,A742,Sacramento River,38.082427,-121.750674, , ,,,,Western Delta Tidal Zone
539,12.41775564,7.590253297,6.856435644,17.10105102,A743,Sacramento River,38.081639,-121.752267, , ,,,,Western Delta Tidal Zone
540,12.79865192,8.210413405,8.148180186,17.03953425,A744,Sacramento River,38.080898,-121.753821, , ,,,,Western Delta Tidal Zone
541,13.10957892,8.216611684,7.276507277,17.07092444,A745,Sacramento River,38.080415,-121.755511, , ,,,,Western Delta Tidal Zone
542,13.51584476,8.391704885,7.33747391,17.20354013,A746,Sacramento River,38.079584,-121.757026, , ,,,,Western Delta Tidal Zone
543,13.80513997,8.508880505,7.670988815,17.07252394,A747,Sacramento River,38.07877,-121.758558, , ,,,,Western Delta Tidal Zone
544,14.34139256,8.890572011,7.62644759,16.87546246,A748,Sacramento River,38.077966,-121.760124, , ,,,,Western Delta Tidal Zone
545,14.7149908,9.430436707,7.59067744,16.87345283,A749,Sacramento River,38.077149,-121.761681, , ,,,,Western Delta Tidal Zone
546,15.2893869,9.929604492,8.406300929,16.889981,A750,Sacramento River,38.076661,-121.763431, , ,,,,Western Delta Tidal Zone
547,15.5663304,10.1051521,8.791806847,16.806807,A751,Sacramento River,38.076307,-121.765246, , ,,,,Western Delta Tidal Zone
548,16.00126272,10.0557863,8.805778174,16.48511556,A752,Sacramento River,38.075317,-121.766652, , ,,,,Western Delta Tidal Zone
549,16.71149214,9.829698447,8.775227543,16.30745342,A753,Sacramento River,38.074754,-121.76835, , ,,,,Western Delta Tidal Zone
550,17.2695647,10.7673541,10.06034227,16.16123738,A754,Sacramento River,38.074026,-121.769971, , ,,,,Western Delta Tidal Zone
551,17.63981323,10.72755041,9.752720079,15.84764017,A755,Sacramento River,38.072829,-121.771159, , ,,,,Western Delta Tidal Zone
552,17.87605354,10.3849881,9.604352127,15.55866383,A756,Sacramento River,38.07195,-121.772574, , ,,,,Western Delta Tidal Zone
553,18.57578076,10.6775979,10.59158721,14.60595652,A757,Sacramento River,38.0712,-121.774131, , ,,,,Western Delta Tidal Zone
554,19.21482064,11.16769582,9.762611276,14.48507123,A758,Sacramento River,38.070391,-121.775649, , ,,,,Western Delta Tidal Zone
555,19.72953476,12.15781888,10.86226182,14.27337038,A759,Sacramento River,38.069385,-121.777032, , ,,,,Western Delta Tidal Zone
556,19.86852662,12.07286227,11.25008691,14.15957052,A760,Sacramento River,38.068521,-121.778514, , ,,,,Western Delta Tidal Zone
557,20.44647746,12.96640187,13.42707199,13.37090328,A761,Sacramento River,38.06761,-121.779887, , ,,,,Western Delta Tidal Zone
558,20.54714452,12.74122974,11.98516628,13.50525444,A762,Sacramento River,38.066821,-121.781462, , ,,,,Western Delta Tidal Zone
559,20.86404043,12.52355079,12.61432109,13.18451532,A763,Sacramento River,38.066354,-121.783171, , ,,,,Western Delta Tidal Zone
560,21.37289121,13.00680766,12.99163957,12.41354806,A764,Sacramento River,38.065759,-121.784829, , ,,,,Western Delta Tidal Zone
561,21.89473466,13.51321467,13.51238163,11.461278,A765,Sacramento River,38.064698,-121.786218, , ,,,,Western Delta Tidal Zone
562,22.00551836,13.69198332,13.66082184,11.44669794,A766,Sacramento River,38.064143,-121.787903, , ,,,,Western Delta Tidal Zone
563,22.24098947,14.64835567,14.89534999,10.94998955,A767,Sacramento River,38.063063,-121.789211, , ,,,,Western Delta Tidal Zone
564,22.09513082,13.51383595,14.81390068,9.77681256,A768,Sacramento River,38.062046,-121.790596, , ,,,,Western Delta Tidal Zone
565,22.35006629,14.3490211,14.8603537,9.478812,A769,Sacramento River,38.061272,-121.792126, , ,,,,Western Delta Tidal Zone
566,22.69587521,14.05380613,14.39498618,9.033237,A770,Sacramento River,38.060876,-121.793972, , ,,,,Western Delta Tidal Zone
567,23.02131921,13.98084952,14.70515915,8.73400254,A771,Sacramento River,38.060399,-121.795704, , ,,,,Western Delta Tidal Zone
568,24.52466264,14.13364123,14.93339911,8.5354726,A772,Sacramento River,38.060294,-121.797751, , ,,,,Western Delta Tidal Zone
569,24.07233411,13.80378967,12.27290679,7.7328435,A773,Sacramento River,38.059634,-121.799497, , ,,,,Western Delta Tidal Zone
570,25.30921261,15.05436851,15.22562577,6.330277061,A774,Sacramento River,38.059178,-121.801157, , ,,,,Western Delta Tidal Zone
571,26.03004381,15.50451655,15.27722968,5.789317708,A775,Sacramento River,38.057681,-121.802938, , ,,,,Western Delta Tidal Zone
572,26.11131796,15.22879853,15.29355881,5.793365566,A776,Sacramento River,38.057866,-121.804914, , ,,,,Western Delta Tidal Zone
573,24.23602002,14.29099979,14.64785954,5.37438075,A777,Sacramento River,38.058711,-121.806441, , ,,,,Western Delta Tidal Zone
574,24.55526323,14.52892682,14.35278403,5.347871963,A778,Sacramento River,38.059043,-121.808138, , ,,,,Western Delta Tidal Zone
575,23.67566036,13.84343264,13.88202747,5.542991872,A779,Sacramento River,38.059636,-121.809837, , ,,,,Western Delta Tidal Zone
576,23.43111858,14.77182503,14.43388386,5.4449187,A780,Sacramento River,38.060066,-121.811589, , ,,,,Western Delta Tidal Zone
577,24.13600479,14.91974404,14.54886811,5.261070716,A781,Sacramento River,38.060477,-121.813351, , ,,,,Western Delta Tidal Zone
578,24.54371071,14.10144326,14.47901235,5.183858489,A782,Sacramento River,38.061379,-121.814857, , ,,,,Western Delta Tidal Zone
579,25.30111944,14.35468808,13.9925926,5.107409659,A783,Sacramento River,38.061871,-121.816597, , ,,,,Western Delta Tidal Zone
580,24.60986218,13.47906693,12.9494271,5.03575933,A784,Sacramento River,38.062518,-121.818257, , ,,,,Western Delta Tidal Zone
581,24.1877187,13.63096553,13.52935382,5.051681625,A785,Sacramento River,38.063356,-121.819811, , ,,,,Western Delta Tidal Zone
582,23.36067414,14.14200565,14.11127523,5.013447423,A786,Sacramento River,38.06423,-121.821376, , ,,,,Western Delta Tidal Zone
583,20.28583786,12.49570237,12.49202067,4.037255875,A787,Sacramento River,38.064866,-121.823061, , ,,,,Western Delta Tidal Zone
584,21.64590162,13.09779618,12.44038495,3.6256474,A788,Sacramento River,38.065077,-121.824942, , ,,,,Western Delta Tidal Zone
585,22.39542,14.83330964,15.13596579,3.896042875,A789,Sacramento River,38.0653,-121.826733, , ,,,,Western Delta Tidal Zone
586,24.94264462,15.198709,14.86379787,3.705994176,A790,Sacramento River,38.066191,-121.828414, , ,,,,Western Delta Tidal Zone
587,24.46314612,14.31098586,13.11932491,3.630631105,A791,Sacramento River,38.066414,-121.830263, , ,,,,Western Delta Tidal Zone
588,23.06527155,13.30184363,12.18416897,3.3671682,A792,Sacramento River,38.067387,-121.832176, , ,,,,Western Delta Tidal Zone
589,22.56678229,12.45146811,12.3309978,3.36312375,A793,Sacramento River,38.067428,-121.834018, , ,,,,Western Delta Tidal Zone
590,21.56638172,12.7070456,12.80406697,3.257293709,A794,Sacramento River,38.068506,-121.83606, , ,,,,Western Delta Tidal Zone
591,21.56976306,12.79076659,13.25668504,3.237582042,A795,Sacramento River,38.069722,-121.83816, , ,,,,Western Delta Tidal Zone
592,21.69612072,12.711651,12.8796826,3.094584318,A796,Sacramento River,38.070144,-121.840356, , ,,,,Western Delta Tidal Zone
593,20.77085527,12.61305494,12.6279874,2.963995769,A797,Sacramento River,38.069811,-121.842473, , ,,,,Western Delta Tidal Zone
594,20.49666937,12.44697058,12.49508775,2.881938829,A798,Sacramento River,38.069708,-121.844623, , ,,,,Western Delta Tidal Zone
595,20.22580607,12.34648864,12.5748797,2.87413375,A799,Sacramento River,38.06861,-121.846231, , ,,,,Western Delta Tidal Zone
596,19.12448116,11.58657514,11.82305772,3.047622375,A800,Sacramento River,38.068915,-121.848322, , ,,,,Western Delta Tidal Zone
597,19.11177784,11.31119779,11.39476827,3.109688688,A801,Sacramento River,38.068358,-121.849983, , ,,,,Western Delta Tidal Zone
598,20.9767511,12.48124092,12.58035843,3.093093875,A802,Sacramento River,38.068357,-121.851781, , ,,,,Western Delta Tidal Zone
599,21.14238948,12.94214849,12.89143026,3.029206154,A803,Sacramento River,38.068208,-121.853427, , ,,,,Western Delta Tidal Zone
600,20.2722126,11.66937986,11.56375773,3.008120438,A804,Sacramento River,38.067872,-121.855102, , ,,,,Western Delta Tidal Zone
601,19.36965334,11.79573261,11.75647498,2.8836165,A805,Sacramento River,38.062928,-121.855291, , ,,,,Western Delta Tidal Zone
602,19.30243371,11.95568369,11.96789203,2.800671,A806,Sacramento River,38.060196,-121.856343, , ,,,,Western Delta Tidal Zone
603,19.18005904,11.24141233,10.84599685,2.78559,A807,Sacramento River,38.059487,-121.857761, , ,,,,Western Delta Tidal Zone
604,18.71462964,10.97053659,10.85548906,3.017226682,A808,Sacramento River,38.058774,-121.859108, , ,,,,Western Delta Tidal Zone
605,19.98868831,11.69751671,12.02668236,3.033612469,A809,Sacramento River,38.058986,-121.860967, , ,,,,Western Delta Tidal Zone
606,27.1115422,16.68971362,16.53261403,3.0853363,A810,Sacramento River,38.059013,-121.862819, , ,,,,Western Delta Tidal Zone
607,28.57614103,16.2597671,16.21951887,2.9960842,A811,Sacramento River,38.055642,-121.862098, , ,,,,Western Delta Tidal Zone
608,27.77818544,17.27932772,17.23478062,2.976030469,A812,Sacramento River,38.055533,-121.864295, , ,,,,Western Delta Tidal Zone
609,26.06797362,15.07710739,15.08878642,3.074976462,A813,Sacramento River,38.053819,-121.865113, , ,,,,Western Delta Tidal Zone
610,23.54078702,13.20546781,13.33758462,3.0760592,A814,Sacramento River,38.053589,-121.867211, , ,,,,Western Delta Tidal Zone
611,23.55755545,13.86962124,13.73982145,2.9196281,A815,Sacramento River,38.053251,-121.869016, , ,,,,Western Delta Tidal Zone
612,24.02281071,13.65572782,13.68942515,3.01283325,A816,Sacramento River,38.052276,-121.870344, , ,,,,Western Delta Tidal Zone
613,23.37776261,13.12414165,13.48342162,2.916349125,A817,Sacramento River,38.052202,-121.872481, , ,,,,Western Delta Tidal Zone
614,23.22266901,12.49820391,12.55640573,2.874705,A818,Sacramento River,38.051609,-121.874103, , ,,,,Western Delta Tidal Zone
615,23.42046125,13.05261683,12.89847965,2.829976125,A819,Sacramento River,38.050309,-121.87523, , ,,,,Western Delta Tidal Zone
616,23.56229816,13.10053948,12.82491417,2.8406128,A820,Sacramento River,38.049689,-121.877006, , ,,,,Western Delta Tidal Zone
617,22.67870488,13.23622691,13.06522805,2.996724,A821,Sacramento River,38.049519,-121.879057, , ,,,,Western Delta Tidal Zone
618,21.83902565,12.14815294,12.22167729,3.0747796,A822,Sacramento River,38.050922,-121.882403, , ,,,,Western Delta Tidal Zone
619,20.73096799,11.49086933,11.49422417,3.048907688,A823,Sacramento River,38.050243,-121.883876, , ,,,,Western Delta Tidal Zone
620,19.10623812,10.48222404,10.03334641,3.0523866,A824,Sacramento River,38.05038,-121.886171, , ,,,,Western Delta Tidal Zone
622,14.97477176,9.448391304,9.283052177,3.251197644,A826,Sacramento River,38.050425,-121.890793, , ,,,,Western Delta Tidal Zone
623,16.02040081,10.06243175,10.11252238,3.326620875,A827,Sacramento River,38.049437,-121.892225, , ,,,,Western Delta Tidal Zone
624,17.83942949,11.58966179,11.35683768,3.2113769,A828,Sacramento River,38.048483,-121.893558, , ,,,,Suisun Bay
625,17.24131656,10.23890324,8.850186165,3.455430609,A829,Suisun Bay,38.045928,-121.893824, , ,,,,Suisun Bay
626,17.22711861,9.74239295,8.936139678,3.390754673,A830,Suisun Bay,38.044968,-121.895472, , ,,,,Suisun Bay
627,17.19452217,9.545600918,9.520442429,3.440769808,A831,Suisun Bay,38.045399,-121.897567, , ,,,,Suisun Bay
628,16.11045233,8.768939539,8.571708464,3.4820123,A832,Suisun Bay,38.045307,-121.899414, , ,,,,Suisun Bay
629,15.26139796,8.965912646,9.030744644,3.6829095,A833,Suisun Bay,38.045082,-121.901245, , ,,,,Suisun Bay
630,15.49395876,9.369503243,9.50259544,3.662826889,A834,Suisun Bay,38.045286,-121.903158, , ,,,,Suisun Bay
631,16.28591653,10.04864639,9.957480934,3.77031075,A835,Suisun Bay,38.044307,-121.904883, , ,,,,Suisun Bay
632,16.55355594,10.12464491,10.77307466,3.82225794,A836,Suisun Bay,38.045144,-121.906778, , ,,,,Suisun Bay
633,16.54712665,9.840304648,9.894709298,3.810336333,A837,Suisun Bay,38.04513,-121.908555, , ,,,,Suisun Bay
634,16.06015218,9.49081907,9.610109718,3.860269442,A838,Suisun Bay,38.044871,-121.910399, , ,,,,Suisun Bay
635,15.96005637,9.612881444,9.93338558,3.839936276,A839,Suisun Bay,38.04533,-121.91218, , ,,,,Suisun Bay
636,16.48810802,9.758521094,10.05192515,3.808994224,A840,Suisun Bay,38.045589,-121.913977, , ,,,,Suisun Bay
637,16.44836724,10.27866313,10.38665724,3.907885327,A841,Suisun Bay,38.044747,-121.915854, , ,,,,Suisun Bay
638,16.52240443,9.858794204,9.872122757,3.981305111,A842,Suisun Bay,38.045895,-121.917551, , ,,,,Suisun Bay
639,16.29865796,9.386345039,9.377756002,3.940552038,A843,Suisun Bay,38.045811,-121.919412, , ,,,,Suisun Bay
640,16.33027612,9.667582763,9.634194053,3.988769444,A844,Suisun Bay,38.046647,-121.920982, , ,,,,Suisun Bay
641,17.16300657,9.515536352,9.682151589,3.870051,A845,Suisun Bay,38.047082,-121.922693, , ,,,,Suisun Bay
642,17.42488479,9.631408793,9.978446164,3.78060696,A846,Suisun Bay,38.047167,-121.924526, , ,,,,Suisun Bay
643,17.10059363,9.941471884,9.74870441,3.93227155,A847,Suisun Bay,38.047544,-121.9264, , ,,,,Suisun Bay
644,16.32922003,9.878878312,9.83600665,4.17886875,A848,Suisun Bay,38.047772,-121.92816, , ,,,,Suisun Bay
645,15.91041468,9.438231709,9.520078355,4.378991906,A849,Suisun Bay,38.047923,-121.930017, , ,,,,Suisun Bay
646,16.76655046,9.742075286,10.16061111,4.521395217,A850,Suisun Bay,38.04802,-121.93191, , ,,,,Suisun Bay
647,17.81768208,9.967429705,10.02360161,4.27552425,A851,Suisun Bay,38.049489,-121.933177, , ,,,,Suisun Bay
648,18.66187105,10.97349711,10.78348829,3.638866125,A852,Suisun Bay,38.04891,-121.935365, , ,,,,Suisun Bay
649,20.2199933,12.15853644,12.44705693,3.96650085,A853,Suisun Bay,38.049105,-121.937193, , ,,,,Suisun Bay
650,20.36603716,12.10796292,14.26052889,3.736937056,A855,Suisun Bay,38.051003,-121.940224, , ,,,,Suisun Bay
651,18.51668412,9.454235779,9.551081256,4.172191034,A856,Suisun Bay,38.052216,-121.941535, , ,,,,Suisun Bay
652,13.91033639,8.034555712,8.219181033,5.3112005,A857,Suisun Bay,38.053003,-121.943081, , ,,,,Suisun Bay
653,12.18754865,6.746834561,7.290341521,5.340377586,A858,Suisun Bay,38.05496,-121.943702, , ,,,,Suisun Bay
654,11.31260032,6.721703858,7.070855353,5.5074363,A859,Suisun Bay,38.058194,-121.943993, , ,,,,Suisun Bay
655,10.89961824,6.059078508,6.204436503,5.596996875,A860,Suisun Bay,38.056223,-121.947481, , ,,,,Suisun Bay
656,10.58904615,6.172038739,6.02520695,5.6915616,A861,Suisun Bay,38.054859,-121.950063, , ,,,,Suisun Bay
657,10.71813345,5.973944206,5.954243254,5.69497019,A862,Suisun Bay,38.056076,-121.951357, , ,,,,Suisun Bay
658,10.15565727,5.99727563,5.898038198,5.832815222,A863,Suisun Bay,38.053836,-121.954757, , ,,,,Suisun Bay
659,9.96460073,5.601928315,5.602411557,5.86926605,A864,Suisun Bay,38.057584,-121.954559, , ,,,,Suisun Bay
660,9.875715666,5.876734629,6.20045023,5.950945345,A865,Suisun Bay,38.056273,-121.957141, , ,,,,Suisun Bay
661,9.619785198,5.527933048,5.473559383,6.077875125,A866,Suisun Bay,38.059951,-121.957748, , ,,,,Suisun Bay
662,9.576327626,5.953716762,6.361323155,6.0565675,A867,Suisun Bay,38.055313,-121.96091, , ,,,,Suisun Bay
663,9.583071908,5.134555195,5.120747233,6.127203484,A868,Suisun Bay,38.056364,-121.962618, , ,,,,Suisun Bay
664,9.601367756,5.593205562,5.602591819,6.06507684,A869,Suisun Bay,38.057839,-121.964025, , ,,,,Suisun Bay
665,9.571742346,5.49323711,5.296101316,6.11425981,A870,Suisun Bay,38.057825,-121.965799, , ,,,,Suisun Bay
666,9.537406913,5.413518342,5.680076423,6.02115,A871,Suisun Bay,38.054964,-121.968191, , ,,,,Suisun Bay
667,8.93263705,4.984410104,5.043329537,6.371269125,A872,Suisun Bay,38.056357,-121.969981, , ,,,,Suisun Bay
668,8.67359605,4.9038778,5.017672786,6.326711625,A873,Suisun Bay,38.056514,-121.971792, , ,,,,Suisun Bay
669,8.757366072,5.03572158,5.072252038,6.308399889,A874,Suisun Bay,38.0599,-121.972862, , ,,,,Suisun Bay
670,8.73144309,5.076399273,5.00000577,6.244064444,A875,Suisun Bay,38.056875,-121.97491, , ,,,,Suisun Bay
671,8.906793251,4.92432784,4.889115212,6.2622632,A876,Suisun Bay,38.05673,-121.976714, , ,,,,Suisun Bay
672,9.021907122,5.325116022,5.392327257,6.324750333,A877,Suisun Bay,38.05709,-121.978447, , ,,,,Suisun Bay
673,8.900246896,5.109807067,5.087707201,6.442874328,A878,Suisun Bay,38.057104,-121.980251, , ,,,,Suisun Bay
674,8.710420593,5.698336165,5.673048745,6.464801177,A879,Suisun Bay,38.057967,-121.982037, , ,,,,Suisun Bay
675,8.773789873,5.286467334,5.199250163,6.197877173,A880,Suisun Bay,38.057969,-121.983859, , ,,,,Suisun Bay
676,8.657329686,5.377180063,5.202738147,5.891511404,A881,Suisun Bay,38.058831,-121.98571, , ,,,,Suisun Bay
677,8.681189425,5.153612434,5.227415173,5.996117431,A882,Suisun Bay,38.059236,-121.987542, , ,,,,Suisun Bay
678,8.613930974,5.079015078,5.082104032,6.052968625,A883,Suisun Bay,38.059629,-121.989381, , ,,,,Suisun Bay
679,8.501281234,5.07154035,5.023946828,6.311660172,A884,Suisun Bay,38.06004,-121.991221, , ,,,,Suisun Bay
680,8.539820091,5.018834808,5.016118528,6.385457793,A885,Suisun Bay,38.060447,-121.993089, , ,,,,Suisun Bay
681,7.997704816,4.93415454,4.651503447,6.43690575,A886,Suisun Bay,38.060284,-121.994899, , ,,,,Suisun Bay
682,7.951224937,4.727466234,4.978989544,6.324039444,A887,Suisun Bay,38.060266,-121.996741, , ,,,,Suisun Bay
683,7.802282583,4.491480743,4.652527635,6.25186645,A888,Suisun Bay,38.060428,-121.998575, , ,,,,Suisun Bay
684,7.201103932,4.324735787,4.253458282,7.34464485,A920,Suisun Bay,38.065339,-122.000397, , ,,,,Suisun Bay
685,6.730175417,4.005208929,3.867074098,7.228078212,A921,Suisun Bay,38.05896,-122.002158, , ,,,,Suisun Bay
686,6.45185211,3.785521032,3.793449732,7.503029625,A922,Suisun Bay,38.065038,-122.003291, , ,,,,Suisun Bay
687,6.379159743,3.718077274,3.746160232,7.73112975,A923,Suisun Bay,38.058454,-122.006682, , ,,,,Suisun Bay
688,6.54497825,3.976832283,3.871371493,7.857050827,A924,Suisun Bay,38.065774,-122.005729, , ,,,,Suisun Bay
689,6.810727509,4.089654039,4.022035881,8.134759241,A925,Suisun Bay,38.067909,-122.007252, , ,,,,Suisun Bay
690,6.8067942,4.09466846,4.206883104,8.281827444,A926,Suisun Bay,38.06616,-122.009915, , ,,,,Suisun Bay
691,6.295612662,3.7629186,3.578742077,8.370872625,A927,Suisun Bay,38.06663,-122.011774, , ,,,,Suisun Bay
692,5.951318778,3.487949404,3.445248896,8.367645062,A928,Suisun Bay,38.067887,-122.013933, , ,,,,Suisun Bay
693,6.091076523,3.550058639,3.542519992,8.38623925,A929,Suisun Bay,38.066317,-122.016277, , ,,,,Suisun Bay
694,6.222520643,3.703124898,3.441463415,8.620051875,A930,Suisun Bay,38.065817,-122.018074, , ,,,,Suisun Bay
695,6.72995639,3.905764458,3.934341789,8.94138,A931,Suisun Bay,38.062552,-122.020047, , ,,,,Suisun Bay
696,6.799729002,4.099838017,3.458536585,9.13160625,A932,Suisun Bay,38.066859,-122.020881, , ,,,,Suisun Bay
697,6.656550897,4.107520427,3.37610478,9.23626319,A933,Suisun Bay,38.067267,-122.02271, , ,,,,Suisun Bay
698,6.276610587,3.578226754,3.527173383,9.188331375,A934,Suisun Bay,38.064483,-122.025219, , ,,,,Suisun Bay
699,5.887979195,3.512135684,3.537024424,9.5006109,A935,Suisun Bay,38.0639,-122.027193, , ,,,,Suisun Bay
700,5.264799223,2.999942148,3.025586146,9.877215035,A936,Suisun Bay,38.062605,-122.029418, , ,,,,Suisun Bay
701,4.510388686,2.661672699,2.672145125,9.628815529,A937,Suisun Bay,38.063144,-122.031192, , ,,,,Suisun Bay
702,4.309523036,2.575995702,2.575753899,9.844419492,A938,Suisun Bay,38.062912,-122.033128, , ,,,,Suisun Bay
703,4.265542626,2.401737421,2.406715564,10.01128421,A939,Suisun Bay,38.06337,-122.034854, , ,,,,Suisun Bay
704,3.921600223,2.225816043,2.211874272,11.24677484,A940,Suisun Bay,38.063111,-122.036759, , ,,,,Suisun Bay
705,3.983633836,2.344586741,2.325694758,11.21979673,A941,Suisun Bay,38.060717,-122.03979, , ,,,,Suisun Bay
706,3.576825771,2.049074888,2.045564712,11.63277161,A942,Suisun Bay,38.061345,-122.041858, , ,,,,Suisun Bay
348,12.89944885,7.474848093,7.475844208,1.513454333,A4880,False River,38.056458,-121.666885,FALSE R NR OAKLEY CA,FAL,11313440,38.055833,-121.666944,Central Delta Tidal Zone
334,17.76190075,9.651170452,9.646072917,8.487337059,A4387,Old River,38.070584,-121.578342,OLD R A FRANKS TRACT NR TERMINOUS CA,OSJ,11313452,38.071111,-121.578889,Central Delta Tidal Zone
527,9.131712062,5.612845255,5.612749951,16.28828407,A731,Sacramento River,38.092014,-121.73451,SACRAMENTO R A DECKER ISLAND NR RIO VISTA CA,SDI,11455478,38.093333,-121.736111,Western Delta Tidal Zone
478,6.111607812,3.492254247,3.780427223,14.42214444,A682,Sacramento River,38.149323,-121.687423,SACRAMENTO R A RIO VISTA CA,SRV,11455420,38.149044,-121.688944,Western Delta Tidal Zone
206,17.44811015,8.740770721,8.779914108,10.58404111,A3604,San Joaquin River,38.059775,-121.557267,SAN JOAQUIN R A PRISONERS PT NR TERMINOUS CA,PRI,11313460,38.059444,-121.557222,Central Delta Tidal Zone
621,15.48383674,9.312472962,9.360293968,3.304806518,A825,Sacramento River,38.04968,-121.887905,SUISUN BAY A VAN SICKLE ISLAND NR PITTSBURG CA,CONFL,11455508,38.049531,-121.88755,Western Delta Tidal Zone
