NO3 (μM) (ISUS) SA ,NO3 (μM) (SUNA) SA,fCHL (μgL) (EXO) SA,fCHL (μgL) (WS) SA,CL ID,Location,"Latitude (Decimal Degrees, NAD83)","Longitude (Decimal Degrees, NAD83)",Station Name,Station Abbrev.,Site Number,Subregion
4.784282588,2.472902219,33.19258411,53.50381549,A2129,Toe Drain Canal,38.400983,-121.621247, , ,,Cache Slough Complex
4.583942188,2.455514853,35.65380188,55.23578869,A2130,Toe Drain Canal,38.399627,-121.62189, , ,,Cache Slough Complex
5.368117178,2.513303402,32.77592507,54.64030648,A2131,Toe Drain Canal,38.398245,-121.622527, , ,,Cache Slough Complex
5.63737044,2.358245134,31.75612909,54.15758314,A2132,Toe Drain Canal,38.396917,-121.623181, , ,,Cache Slough Complex
5.187383465,2.381189698,34.37855807,55.86313523,A2133,Toe Drain Canal,38.395535,-121.623837, , ,,Cache Slough Complex
5.089565789,2.302659324,34.0425168,55.49795922,A2134,Toe Drain Canal,38.394169,-121.624452, , ,,Cache Slough Complex
4.841093548,2.255013287,33.4057673,54.31936378,A2135,Toe Drain Canal,38.392803,-121.625067, , ,,Cache Slough Complex
4.439395082,2.225251025,31.75127874,51.07524499,A2136,Toe Drain Canal,38.391452,-121.625692, , ,,Cache Slough Complex
5.250053333,2.172741949,29.85022865,49.1808944,A2137,Toe Drain Canal,38.39009,-121.626363, , ,,Cache Slough Complex
3.775044828,2.26855625,27.87656812,47.22162824,A2138,Toe Drain Canal,38.388718,-121.626978, , ,,Cache Slough Complex
4.888403448,2.33396,27.21147546,47.30248479,A2139,Toe Drain Canal,38.387372,-121.627552, , ,,Cache Slough Complex
5.005283871,2.367802218,27.22379789,49.23861829,A2140,Toe Drain Canal,38.385977,-121.628167, , ,,Cache Slough Complex
4.835751613,2.31680425,26.86905283,47.86585384,A2141,Toe Drain Canal,38.384612,-121.628796, , ,,Cache Slough Complex
5.6087,2.565407836,27.08995931,47.97454566,A2142,Toe Drain Canal,38.383249,-121.629422, , ,,Cache Slough Complex
5.557958462,2.449878077,26.3928963,48.31465199,A2143,Toe Drain Canal,38.381884,-121.630048, , ,,Cache Slough Complex
4.961586154,2.576671528,25.95463169,45.55910875,A2144,Toe Drain Canal,38.380521,-121.630674, , ,,Cache Slough Complex
4.79610303,2.681494808,26.20431382,44.79982852,A2145,Toe Drain Canal,38.379158,-121.631299, , ,,Cache Slough Complex
5.566012,2.512150694,27.09991242,46.44005933,A2146,Toe Drain Canal,38.377796,-121.631927, , ,,Cache Slough Complex
4.851105556,2.459232292,27.59881934,47.94466651,A2147,Toe Drain Canal,38.376432,-121.632557, , ,,Cache Slough Complex
4.917964,2.40568,27.60184386,47.12294792,A2148,Toe Drain Canal,38.37507,-121.633186, , ,,Cache Slough Complex
5.293508,2.420859375,27.22039943,46.83492673,A2149,Toe Drain Canal,38.373707,-121.633816, , ,,Cache Slough Complex
5.2575,2.517086957,26.99748817,46.40371308,A2150,Toe Drain Canal,38.372345,-121.634445, , ,,Cache Slough Complex
5.079316667,2.468186957,26.76414894,45.64330939,A2151,Toe Drain Canal,38.370981,-121.635075, , ,,Cache Slough Complex
4.734891667,2.4337975,26.8681051,45.5451332,A2152,Toe Drain Canal,38.369618,-121.635706, , ,,Cache Slough Complex
4.3245,2.49051087,27.18981503,45.88542863,A2153,Toe Drain Canal,38.368255,-121.63635, , ,,Cache Slough Complex
4.544996,2.413015,27.71307453,45.99194616,A2154,Toe Drain Canal,38.366897,-121.636994, , ,,Cache Slough Complex
3.8525,2.2792735,27.52421357,46.02549149,A2156,Toe Drain Canal,38.364182,-121.638287, , ,,Cache Slough Complex
4.85154,2.32255,27.53574921,46.23175389,A2157,Toe Drain Canal,38.362824,-121.638932, , ,,Cache Slough Complex
5.470215789,2.435121875,27.6593011,46.93189787,A2158,Toe Drain Canal,38.361467,-121.639566, , ,,Cache Slough Complex
4.913746154,2.471836058,27.90991576,47.37509263,A2159,Toe Drain Canal,38.360105,-121.640198, , ,,Cache Slough Complex
5.11006,2.3902765,28.17780193,47.60255367,A2160,Toe Drain Canal,38.358744,-121.64083, , ,,Cache Slough Complex
5.271307692,2.311500481,28.2623126,47.31979129,A2161,Toe Drain Canal,38.357381,-121.641463, , ,,Cache Slough Complex
5.1425,2.120328125,28.23219003,47.34015488,A2162,Toe Drain Canal,38.356019,-121.642096, , ,,Cache Slough Complex
5.200783871,2.166108203,28.52279061,47.57070801,A2163,Toe Drain Canal,38.354657,-121.642733, , ,,Cache Slough Complex
4.815274194,2.341157169,28.44177605,47.3885724,A2164,Toe Drain Canal,38.353222,-121.643403, , ,,Cache Slough Complex
6.342093333,2.504939113,29.1000656,48.68013245,A2165,Toe Drain Canal,38.351817,-121.644052, , ,,Cache Slough Complex
4.86262381,2.295599432,27.52734965,46.25995375,A2166,Toe Drain Canal,38.350478,-121.644629, , ,,Cache Slough Complex
5.2225875,2.293297321,28.74352495,49.88599157,A2168,Toe Drain Canal,38.347822,-121.645979, , ,,Cache Slough Complex
6.124513333,2.26448125,29.03049599,48.96513644,A2169,Toe Drain Canal,38.34657,-121.646715, , ,,Cache Slough Complex
5.538166667,2.48045625,28.2161251,48.29650885,A2170,Toe Drain Canal,38.345183,-121.647351, , ,,Cache Slough Complex
5.554726667,2.3824525,28.20988233,48.22857738,A2171,Toe Drain Canal,38.343822,-121.647959, , ,,Cache Slough Complex
5.454216667,2.445615,28.16587071,48.26767093,A2172,Toe Drain Canal,38.342478,-121.64862, , ,,Cache Slough Complex
4.9739,2.3694125,28.10808082,47.46541161,A2173,Toe Drain Canal,38.341098,-121.6492, , ,,Cache Slough Complex
4.517273333,2.3237725,27.72405881,46.46836576,A2174,Toe Drain Canal,38.339709,-121.649785, , ,,Cache Slough Complex
4.31518,2.2675375,27.21093715,45.93028389,A2175,Toe Drain Canal,38.338276,-121.650283, , ,,Cache Slough Complex
4.824246667,2.3751175,27.28107146,46.61878357,A2176,Toe Drain Canal,38.336852,-121.650756, , ,,Cache Slough Complex
5.9629,2.4998125,27.33945241,46.11419371,A2177,Toe Drain Canal,38.335419,-121.651149, , ,,Cache Slough Complex
6.3976,2.3490375,26.90393681,45.31072473,A2178,Toe Drain Canal,38.333988,-121.6515, , ,,Cache Slough Complex
4.102086885,1.930451103,18.65057741,37.76154884,A2179,Toe Drain Canal,38.332568,-121.651845, , ,,Cache Slough Complex
3.851742105,1.969692045,16.94499648,40.59889882,A2180,Toe Drain Canal,38.331143,-121.652191, , ,,Cache Slough Complex
5.009291837,2.048251563,18.53989022,39.37542607,A2181,Toe Drain Canal,38.329716,-121.652525, , ,,Cache Slough Complex
4.3815,2.051229847,19.05685834,39.98420253,A2182,Toe Drain Canal,38.328291,-121.652863, , ,,Cache Slough Complex
4.2939625,2.234153846,18.9776002,39.60650612,A2183,Toe Drain Canal,38.326868,-121.653204, , ,,Cache Slough Complex
4.327970968,2.15225957,18.5359142,39.06827192,A2184,Toe Drain Canal,38.325448,-121.653554, , ,,Cache Slough Complex
4.230703226,2.367802218,18.39989428,37.88336407,A2185,Toe Drain Canal,38.324022,-121.653895, , ,,Cache Slough Complex
4.279021212,2.213723529,17.7064589,36.57968805,A2186,Toe Drain Canal,38.322591,-121.654255, , ,,Cache Slough Complex
4.532461404,2.012693269,17.65639887,35.9071213,A2187,Toe Drain Canal,38.321158,-121.654586, , ,,Cache Slough Complex
4.271581356,2.195223517,17.78661647,36.02192275,A2188,Toe Drain Canal,38.319735,-121.654905, , ,,Cache Slough Complex
4.910522222,2.343581144,19.04177503,40.09889877,A2189,Toe Drain Canal,38.318316,-121.655234, , ,,Cache Slough Complex
5.458937143,2.358526429,18.82330712,39.01317225,A2190,Toe Drain Canal,38.31689,-121.655566, , ,,Cache Slough Complex
5.21609697,2.253784375,18.96212935,39.06298716,A2191,Toe Drain Canal,38.315466,-121.655907, , ,,Cache Slough Complex
5.266789552,2.258553977,18.28341629,35.89665983,A2192,Toe Drain Canal,38.314033,-121.656257, , ,,Cache Slough Complex
5.055395522,2.204848837,18.02509464,36.86493271,A2193,Toe Drain Canal,38.312597,-121.65659, , ,,Cache Slough Complex
4.634325641,2.435418023,17.61372042,35.68314433,A2194,Toe Drain Canal,38.311178,-121.656906, , ,,Cache Slough Complex
5.127062963,2.280937981,17.45168578,34.5351706,A2195,Toe Drain Canal,38.309767,-121.657243, , ,,Cache Slough Complex
5.023565625,2.53954375,17.39550554,34.68358427,A2196,Toe Drain Canal,38.308345,-121.657608, , ,,Cache Slough Complex
5.427328571,2.403012727,17.73541024,35.65749855,A2197,Toe Drain Canal,38.306919,-121.657957, , ,,Cache Slough Complex
4.281181818,2.34211,17.66376602,35.65222621,A2198,Toe Drain Canal,38.305491,-121.658284, , ,,Cache Slough Complex
4.849339216,2.465466071,18.01345591,36.08446794,A2199,Toe Drain Canal,38.304064,-121.65861, , ,,Cache Slough Complex
4.845401639,2.440603358,18.17688207,36.24512552,A2200,Toe Drain Canal,38.302631,-121.658964, , ,,Cache Slough Complex
5.24715614,2.258767391,18.36247436,36.50092894,A2201,Toe Drain Canal,38.301193,-121.659305, , ,,Cache Slough Complex
4.841706557,2.481984375,18.13117614,36.30761857,A2202,Toe Drain Canal,38.29978,-121.659634, , ,,Cache Slough Complex
4.56694375,2.50286875,18.20616593,36.20837634,A2203,Toe Drain Canal,38.29837,-121.659977, , ,,Cache Slough Complex
5.33615,2.2553125,18.59717801,36.77120198,A2204,Toe Drain Canal,38.296936,-121.660316, , ,,Cache Slough Complex
4.359436842,2.319654605,18.63915644,37.05419384,A2205,Toe Drain Canal,38.295509,-121.660634, , ,,Cache Slough Complex
4.6864,2.436504464,19.69354773,38.25754531,A2206,Toe Drain Canal,38.294095,-121.660976, , ,,Cache Slough Complex
5.7108,2.272985598,19.74323902,38.15933355,A2207,Toe Drain Canal,38.292666,-121.661392, , ,,Cache Slough Complex
5.000910256,2.623285,20.22001476,38.71412682,A2208,Toe Drain Canal,38.291458,-121.662368, , ,,Cache Slough Complex
4.880712903,2.548330469,20.93693675,38.89912446,A2209,Toe Drain Canal,38.290166,-121.662685, , ,,Cache Slough Complex
4.882411111,2.729467857,26.05860905,43.40905506,A2210,Toe Drain Canal,38.288829,-121.663295, , ,,Cache Slough Complex
3.742633333,2.805946875,25.03477106,42.52824104,A2211,Toe Drain Canal,38.28721,-121.663197, , ,,Cache Slough Complex
5.115514286,2.723355357,24.81715257,42.0373299,A2212,Toe Drain Canal,38.285892,-121.663558, , ,,Cache Slough Complex
5.471028571,2.687553571,24.42597256,41.46805625,A2213,Toe Drain Canal,38.284324,-121.663624, , ,,Cache Slough Complex
4.863136842,2.207894318,27.14698341,46.28709573,A2214,Prospect Slough,38.349868,-121.645915, , ,,Cache Slough Complex
4.593365,2.101190179,25.71551359,44.28878652,A2215,Prospect Slough,38.350091,-121.647545, , ,,Cache Slough Complex
4.972673333,1.982869643,22.85067827,40.70296826,A2216,Prospect Slough,38.35011,-121.649341, , ,,Cache Slough Complex
4.359387179,2.154064423,21.28914749,38.66909185,A2217,Prospect Slough,38.350141,-121.651191, , ,,Cache Slough Complex
5.109003704,2.14325,21.30024185,39.61641204,A2218,Prospect Slough,38.35018,-121.653079, , ,,Cache Slough Complex
5.037474359,2.105634615,21.3650097,40.5394618,A2219,Prospect Slough,38.350181,-121.654883, , ,,Cache Slough Complex
4.711371429,2.04762038,21.79571283,42.40290761,A2220,Prospect Slough,38.350153,-121.65676, , ,,Cache Slough Complex
4.8359,2.026485577,22.91708047,44.18650333,A2221,Prospect Slough,38.34897,-121.657178, , ,,Cache Slough Complex
4.5309,2.098795455,25.03409144,47.49667318,A2222,Prospect Slough,38.34751,-121.6572, , ,,Cache Slough Complex
4.706384444,2.132412234,25.85700188,50.89866959,A2223,Prospect Slough,38.346065,-121.657267, , ,,Cache Slough Complex
5.028923077,2.06276875,24.21608401,51.49877653,A2224,Prospect Slough,38.344618,-121.657316, , ,,Cache Slough Complex
4.511776923,2.208569853,23.00900046,50.23700526,A2225,Prospect Slough,38.343174,-121.657379, , ,,Cache Slough Complex
3.523817647,1.944686364,21.94107784,48.78026659,A2226,Prospect Slough,38.341784,-121.657436, , ,,Cache Slough Complex
4.587409804,1.956289,21.93944155,47.95071397,A2227,Prospect Slough,38.340431,-121.657491, , ,,Cache Slough Complex
4.651664103,1.83844,22.27876218,49.42803597,A2228,Prospect Slough,38.33911,-121.657539, , ,,Cache Slough Complex
5.210519512,1.703295536,21.6801485,50.41483715,A2229,Prospect Slough,38.337748,-121.65757, , ,,Cache Slough Complex
4.5852,1.851417308,20.69268965,48.01610536,A2230,Prospect Slough,38.336257,-121.657544, , ,,Cache Slough Complex
4.560666667,1.829576875,20.30837623,47.28173761,A2231,Prospect Slough,38.335727,-121.658643, , ,,Cache Slough Complex
3.360355738,1.189020833,17.75639644,30.64070232,A2236,Prospect Slough,38.336208,-121.667406, , ,,Cache Slough Complex
3.305633333,1.041176974,16.6856825,28.50263954,A2237,Prospect Slough,38.336123,-121.669162, , ,,Cache Slough Complex
3.436792308,0.840608333,16.9636159,28.83331613,A2238,Prospect Slough,38.336141,-121.670996, , ,,Cache Slough Complex
3.965438462,0.929336607,16.68562216,28.81244095,A2239,Prospect Slough,38.336198,-121.67292, , ,,Cache Slough Complex
3.463785714,0.931083036,17.46848145,29.03628604,A2240,Prospect Slough,38.336183,-121.67461, , ,,Cache Slough Complex
4.044316667,0.882619643,18.17422888,30.35875548,A2241,Prospect Slough,38.335204,-121.675645, , ,,Cache Slough Complex
3.569838462,1.0474825,18.19715142,30.6399387,A2242,Prospect Slough,38.33376,-121.675622, , ,,Cache Slough Complex
3.949742857,1.095247321,18.58800773,30.76945623,A2243,Prospect Slough,38.33233,-121.675706, , ,,Cache Slough Complex
4.350069231,1.111334615,18.90421137,31.46407541,A2244,Prospect Slough,38.330809,-121.675763, , ,,Cache Slough Complex
2.4715,1.04952,19.03067737,32.11035825,A2245,Prospect Slough,38.329448,-121.6758, , ,,Cache Slough Complex
2.628283333,1.19479375,18.85588845,31.65555917,A2246,Prospect Slough,38.329118,-121.67723, , ,,Cache Slough Complex
3.795993333,1.353515,18.43394,30.64590121,A2247,Prospect Slough,38.32905,-121.679072, , ,,Cache Slough Complex
4.51666,1.389688462,18.07978561,30.03324605,A2248,Prospect Slough,38.329067,-121.680914, , ,,Cache Slough Complex
4.145133333,1.163055769,17.95185189,29.62647599,A2249,Prospect Slough,38.329038,-121.682719, , ,,Cache Slough Complex
3.725153333,1.206,17.69427271,29.43813626,A2250,Prospect Slough,38.328713,-121.684531, , ,,Cache Slough Complex
3.243971429,1.336691071,17.43841231,29.19233223,A2251,Prospect Slough,38.327436,-121.684858, , ,,Cache Slough Complex
2.976438462,1.404734615,17.47267574,29.25575449,A2252,Prospect Slough,38.32594,-121.684802, , ,,Cache Slough Complex
4.296385714,1.343139423,17.47532001,29.30099929,A2253,Prospect Slough,38.324537,-121.68488, , ,,Cache Slough Complex
4.813283333,1.308345192,17.87145532,29.70366119,A2254,Prospect Slough,38.323121,-121.684767, , ,,Cache Slough Complex
3.585407692,1.068076923,18.22900111,30.57484997,A2255,Prospect Slough,38.321896,-121.685215, , ,,Cache Slough Complex
3.417845455,0.983442308,18.69435012,30.73366318,A2256,Prospect Slough,38.321773,-121.687105, , ,,Cache Slough Complex
3.652863636,0.81174375,19.10542226,31.6670826,A2257,Prospect Slough,38.321769,-121.688931, , ,,Cache Slough Complex
3.14425,0.736865625,19.77139886,32.97830068,A2258,Prospect Slough,38.321781,-121.690726, , ,,Cache Slough Complex
4.080112698,1.423227787,26.01736978,43.43164284,A2259,Liberty Cut,38.335066,-121.667346, , ,,Cache Slough Complex
3.880737879,1.48787444,25.55909704,42.19669911,A2260,Liberty Cut,38.333623,-121.667281, , ,,Cache Slough Complex
4.291974126,1.470125919,24.36220678,40.22972277,A2261,Liberty Cut,38.332197,-121.667274, , ,,Cache Slough Complex
4.109395531,1.517890926,25.55121092,42.11054643,A2262,Liberty Cut,38.330783,-121.667262, , ,,Cache Slough Complex
2.20585,1.645729545,20.23509883,33.53093479,A2264,Liberty Cut,38.327829,-121.667247, , ,,Cache Slough Complex
2.921916667,1.64222875,20.00772939,33.15943418,A2265,Liberty Cut,38.326372,-121.667242, , ,,Cache Slough Complex
4.416916667,1.6399875,19.91693398,33.16768555,A2266,Liberty Cut,38.324904,-121.667235, , ,,Cache Slough Complex
4.637716667,1.591596875,19.964358,33.06559086,A2267,Liberty Cut,38.323482,-121.667222, , ,,Cache Slough Complex
4.0838,1.590578125,19.59585108,32.62290485,A2268,Liberty Cut,38.322036,-121.667223, , ,,Cache Slough Complex
4.36785,1.687961364,19.25277364,32.08735054,A2269,Liberty Cut,38.320579,-121.667213, , ,,Cache Slough Complex
3.848816667,1.712828125,18.88966909,31.80559255,A2270,Liberty Cut,38.319136,-121.667205, , ,,Cache Slough Complex
3.134283333,1.86105625,18.38505513,31.42675016,A2271,Liberty Cut,38.317689,-121.667196, , ,,Cache Slough Complex
4.173116667,1.74491875,17.97271928,31.27743847,A2272,Liberty Cut,38.316233,-121.667195, , ,,Cache Slough Complex
4.109936364,1.625725,17.82818206,31.28003093,A2273,Liberty Cut,38.314782,-121.667189, , ,,Cache Slough Complex
2.763216667,1.623502273,17.51317676,30.91298601,A2274,Liberty Cut,38.313327,-121.667186, , ,,Cache Slough Complex
2.762833333,1.723015625,17.27899613,30.61158034,A2275,Liberty Cut,38.311883,-121.667181, , ,,Cache Slough Complex
2.36225,1.814703125,17.04577932,30.78765602,A2276,Liberty Cut,38.310432,-121.667177, , ,,Cache Slough Complex
3.015007692,1.793113462,16.89349961,30.84763454,A2277,Liberty Cut,38.30898,-121.667172, , ,,Cache Slough Complex
2.952827273,1.700015385,16.91141839,31.26242662,A2278,Liberty Cut,38.307532,-121.667171, , ,,Cache Slough Complex
4.8083,1.53505625,17.05433476,32.04834873,A2279,Liberty Cut,38.306073,-121.667166, , ,,Cache Slough Complex
5.152946154,1.569045455,17.38514202,32.49261155,A2280,Liberty Cut,38.304632,-121.667155, , ,,Cache Slough Complex
4.692533333,1.83253125,17.14731639,30.78332315,A2281,Liberty Cut,38.303214,-121.667156, , ,,Cache Slough Complex
4.052366667,1.990946875,16.25134899,29.72024739,A2282,Liberty Cut,38.301754,-121.667149, , ,,Cache Slough Complex
4.390466667,2.07866125,16.02315738,30.44980306,A2283,Liberty Cut,38.300276,-121.667144, , ,,Cache Slough Complex
3.672807692,2.267028125,16.92779988,33.79638096,A2284,Liberty Cut,38.298824,-121.667137, , ,,Cache Slough Complex
2.830718182,2.317548864,17.84222608,34.6797142,A2285,Liberty Cut,38.297372,-121.667131, , ,,Cache Slough Complex
4.41408,2.230353125,17.33125844,33.53045371,A2286,Liberty Cut,38.295918,-121.667135, , ,,Cache Slough Complex
4.585409091,2.2756875,16.82137834,33.91838152,A2287,Liberty Cut,38.29447,-121.667152, , ,,Cache Slough Complex
4.9417,2.287403125,17.19095809,36.09298843,A2288,Liberty Cut,38.29303,-121.667139, , ,,Cache Slough Complex
4.820427273,2.237530682,18.04440196,36.82253697,A2289,Liberty Cut,38.291745,-121.665903, , ,,Cache Slough Complex
4.466484615,2.20335625,18.00161934,36.52541721,A2290,Liberty Cut,38.290353,-121.665694, , ,,Cache Slough Complex
4.769023077,2.433985577,17.37367554,35.06263598,A2291,Liberty Cut,38.288926,-121.665552, , ,,Cache Slough Complex
5.080241176,2.657299265,24.30532199,41.07359457,A2295,Prospect Slough,38.282757,-121.664367, , ,,Cache Slough Complex
4.490571429,2.63123125,24.08799295,41.12063708,A2296,Prospect Slough,38.281109,-121.664552, , ,,Cache Slough Complex
5.162171429,2.66485,24.25156508,41.40663161,A2297,Prospect Slough,38.279662,-121.664703, , ,,Cache Slough Complex
5.655313333,2.7826175,24.2800432,40.92701202,A2298,Prospect Slough,38.278237,-121.664889, , ,,Cache Slough Complex
6.1653,2.798888393,23.9733561,40.37795719,A2299,Prospect Slough,38.276849,-121.664943, , ,,Cache Slough Complex
4.9969,2.74125625,23.8859138,40.32374421,A2300,Prospect Slough,38.275324,-121.665291, , ,,Cache Slough Complex
3.995515385,2.788846429,23.60952907,39.88353252,A2301,Prospect Slough,38.273815,-121.665363, , ,,Cache Slough Complex
4.2839,2.821591964,22.99893861,39.31994174,A2302,Prospect Slough,38.272397,-121.665955, , ,,Cache Slough Complex
3.592838462,3.020315385,22.76293669,38.77393678,A2303,Prospect Slough,38.271023,-121.666665, , ,,Cache Slough Complex
4.839842857,2.764396429,22.50438744,38.02068759,A2304,Prospect Slough,38.269711,-121.667373, , ,,Cache Slough Complex
4.636427273,2.994925,22.29531168,37.12797434,A2305,Prospect Slough,38.268316,-121.66793, , ,,Cache Slough Complex
5.1073,2.7858775,21.60486429,36.08614809,A2306,Prospect Slough,38.266924,-121.6686, , ,,Cache Slough Complex
4.602007692,2.678955769,21.15837569,35.9705974,A2307,Prospect Slough,38.265928,-121.669791, , ,,Cache Slough Complex
5.588176923,2.880825,21.11775191,36.12440261,A2308,Prospect Slough,38.264747,-121.669771, , ,,Cache Slough Complex
5.551409091,2.690609821,21.17441812,37.01215179,A2309,Prospect Slough,38.263394,-121.669378, , ,,Cache Slough Complex
4.945993333,2.6660725,22.12498326,37.67594305,A2310,Prospect Slough,38.261803,-121.669811, , ,,Cache Slough Complex
5.209207692,2.696722321,22.38542101,37.46259083,A2311,Prospect Slough,38.260351,-121.67035, , ,,Cache Slough Complex
4.671942857,2.884429808,22.08970622,37.08525262,A2312,Prospect Slough,38.258947,-121.670739, , ,,Cache Slough Complex
5.559515385,2.838183036,21.81914736,37.23748807,A2313,Prospect Slough,38.257569,-121.671315, , ,,Cache Slough Complex
4.764069231,2.827066346,21.87395469,37.74239205,A2314,Prospect Slough,38.256153,-121.671668, , ,,Cache Slough Complex
4.758685714,2.835490625,22.0523006,38.21413014,A2315,Prospect Slough,38.254805,-121.671259, , ,,Cache Slough Complex
5.285284615,3.238954808,22.22848325,38.71392828,A2316,Prospect Slough,38.25335,-121.671988, , ,,Cache Slough Complex
5.108361538,4.0523875,22.35191775,38.68243538,A2317,Prospect Slough,38.25199,-121.672449, , ,,Cache Slough Complex
5.595607692,4.799523077,21.80913147,36.51244604,A2318,Prospect Slough,38.250636,-121.672971, , ,,Cache Slough Complex
7.0209,4.947432143,20.74082856,35.72830607,A2319,Prospect Slough,38.24941,-121.673636, , ,,Cache Slough Complex
6.992314286,5.379236607,20.6093881,34.91281857,A2320,Prospect Slough,38.248112,-121.674218, , ,,Cache Slough Complex
7.14096,5.883845312,19.73236789,34.40768086,A2321,Prospect Slough,38.246918,-121.674893, , ,,Cache Slough Complex
6.850371429,5.992400962,19.4953372,34.23687283,A2322,Prospect Slough,38.245732,-121.675616, , ,,Cache Slough Complex
6.886185714,6.169058929,19.13950158,33.54592647,A2323,Prospect Slough,38.244437,-121.676313, , ,,Cache Slough Complex
7.742263636,6.771338636,19.16290587,33.56012003,A2324,Prospect Slough,38.242741,-121.676563, , ,,Cache Slough Complex
7.9685,7.022122115,19.13174098,32.71795077,A2325,Prospect Slough,38.241663,-121.678119, , ,,Cache Slough Complex
8.119881818,6.955825,18.32520322,31.53500061,A2326,Prospect Slough,38.240874,-121.679422, , ,,Cache Slough Complex
7.441976923,6.936376136,17.85374059,30.96929719,A2327,Prospect Slough,38.239696,-121.680265, , ,,Cache Slough Complex
7.3437625,6.633772656,17.91040641,31.84833172,A2328,Prospect Slough,38.239136,-121.682376, , ,,Cache Slough Complex
3.418588889,1.230861418,20.87557181,36.00784082,A2353,Shag Slough,38.321738,-121.692938, , ,,Cache Slough Complex
3.233417073,1.24461311,20.373585,33.87996977,A2354,Shag Slough,38.320143,-121.693011, , ,,Cache Slough Complex
3.284576336,1.104013574,20.06468671,33.23764187,A2356,Shag Slough,38.317224,-121.692989, , ,,Cache Slough Complex
2.7359425,1.149714063,20.00374373,32.93111844,A2357,Shag Slough,38.315775,-121.692982, , ,,Cache Slough Complex
3.533263636,1.264617308,18.38610438,31.07664089,A2358,Shag Slough,38.314349,-121.692955, , ,,Cache Slough Complex
3.4007,1.222855682,17.59033678,30.20489825,A2359,Shag Slough,38.312889,-121.692853, , ,,Cache Slough Complex
3.5778,1.295140625,17.61864246,29.95081616,A2360,Shag Slough,38.311425,-121.692806, , ,,Cache Slough Complex
3.70775,1.197294318,17.66876142,29.8266074,A2361,Shag Slough,38.309968,-121.692801, , ,,Cache Slough Complex
3.163033333,1.210584375,17.61429748,29.7253402,A2362,Shag Slough,38.308535,-121.692809, , ,,Cache Slough Complex
3.4820625,1.371619643,17.37249453,29.41226118,A2363,Shag Slough,38.30709,-121.692807, , ,,Cache Slough Complex
4.272930769,1.3099125,16.8528362,28.73011369,A2364,Shag Slough,38.305631,-121.692805, , ,,Cache Slough Complex
2.99705,1.35575625,16.83231928,28.25477168,A2365,Shag Slough,38.304171,-121.692801, , ,,Cache Slough Complex
3.50834,1.402279167,16.28956344,27.82419825,A2366,Shag Slough,38.302718,-121.6928, , ,,Cache Slough Complex
3.6951,1.468328125,15.71095199,26.70051399,A2367,Shag Slough,38.301276,-121.692797, , ,,Cache Slough Complex
2.487809091,1.449573864,15.35625071,25.75691003,A2368,Shag Slough,38.299828,-121.692788, , ,,Cache Slough Complex
2.162881818,1.353996591,15.06425784,25.28164445,A2369,Shag Slough,38.298374,-121.692784, , ,,Cache Slough Complex
2.6279,1.365110227,14.85028963,24.82998823,A2370,Shag Slough,38.296923,-121.692783, , ,,Cache Slough Complex
2.0874,1.22943125,14.56547662,24.34751823,A2371,Shag Slough,38.295473,-121.692783, , ,,Cache Slough Complex
1.951281818,1.203453125,13.96809802,23.62073031,A2372,Shag Slough,38.294025,-121.692782, , ,,Cache Slough Complex
2.953663636,1.307319318,13.44594204,22.93206092,A2373,Shag Slough,38.292583,-121.692778, , ,,Cache Slough Complex
3.240466667,1.206509375,12.9606698,22.12120024,A2374,Shag Slough,38.291134,-121.692779, , ,,Cache Slough Complex
2.987118182,1.145615909,12.13370519,21.07378984,A2375,Shag Slough,38.289676,-121.692783, , ,,Cache Slough Complex
3.136966667,1.275784375,11.42145381,19.99275107,A2376,Shag Slough,38.288219,-121.692774, , ,,Cache Slough Complex
3.556442857,1.348439773,10.8601378,18.68580231,A2377,Shag Slough,38.286775,-121.692769, , ,,Cache Slough Complex
3.4789,1.407897727,10.3935628,17.57421918,A2378,Shag Slough,38.285331,-121.692764, , ,,Cache Slough Complex
3.433922222,1.3853,10.14235241,16.88967699,A2379,Shag Slough,38.283877,-121.69275, , ,,Cache Slough Complex
3.407809091,1.49125,9.854129783,16.41436086,A2380,Shag Slough,38.282451,-121.693004, , ,,Cache Slough Complex
3.832716667,1.645729545,9.619091297,15.99835663,A2381,Shag Slough,38.281087,-121.693667, , ,,Cache Slough Complex
3.13544898,1.281091136,10.14636847,16.43872369,A2382,Shag Slough,38.27974,-121.694319, , ,,Cache Slough Complex
31.314075,42.22978906,12.69688036,20.31011254,A2397,Shag Slough,38.258618,-121.691978, , ,,Cache Slough Complex
128.8635736,218.6933596,9.284455049,14.64490997,A2417,Haas Slough,38.291201,-121.724864, , ,,Cache Slough Complex
132.1982955,245.408012,9.605360888,16.10014316,A2432,Cache Slough,38.289259,-121.724386, , ,,Cache Slough Complex
,228.8816661,8.92683361,15.06834443,A2433,Cache Slough,38.288241,-121.723104, , ,,Cache Slough Complex
133.82956,228.1275878,8.355622047,14.21664296,A2434,Cache Slough,38.287015,-121.722227, , ,,Cache Slough Complex
131.7964111,225.2879861,8.216091718,14.06588435,A2435,Cache Slough,38.285933,-121.720897, , ,,Cache Slough Complex
129.5369167,209.8047042,6.930199309,12.22179728,A2436,Cache Slough,38.28632,-121.718727, , ,,Cache Slough Complex
126.1228455,210.4004911,6.78975603,11.38013698,A2437,Cache Slough,38.285373,-121.717396, , ,,Cache Slough Complex
119.4961571,208.5986709,5.769034948,10.34854659,A2438,Cache Slough,38.283884,-121.71656, , ,,Cache Slough Complex
133.2197,196.9517322,5.499230492,9.975182649,A2439,Cache Slough,38.282795,-121.715259, , ,,Cache Slough Complex
124.8508857,179.7292759,5.574120629,9.932882889,A2440,Cache Slough,38.281958,-121.713741, , ,,Cache Slough Complex
117.8901,165.9849922,5.949462105,10.18989092,A2441,Cache Slough,38.280969,-121.712395, , ,,Cache Slough Complex
116.972676,165.5641975,5.962144011,10.35384612,A2442,Cache Slough,38.279696,-121.711532, , ,,Cache Slough Complex
107.9642583,151.9657188,6.378471918,10.86597671,A2443,Cache Slough,38.278412,-121.710581, , ,,Cache Slough Complex
100.3570083,140.0091594,6.787063817,12.03850085,A2444,Cache Slough,38.277413,-121.709154, , ,,Cache Slough Complex
96.47403333,136.7294393,8.235575959,13.270364,A2446,Cache Slough,38.274706,-121.707872, , ,,Cache Slough Complex
94.60789,131.7571825,8.570550674,13.79484441,A2447,Cache Slough,38.274112,-121.70586, , ,,Cache Slough Complex
90.434425,125.8880109,8.861873585,14.11966193,A2448,Cache Slough,38.274473,-121.702156, , ,,Cache Slough Complex
88.060388,121.985251,9.123448557,14.46148567,A2449,Cache Slough,38.272546,-121.703026, , ,,Cache Slough Complex
79.65605,110.1220906,9.65819576,15.03612056,A2450,Cache Slough,38.271594,-121.70161, , ,,Cache Slough Complex
73.25975,101.9010328,9.774330251,15.74165068,A2451,Cache Slough,38.270193,-121.701013, , ,,Cache Slough Complex
63.51905833,87.93091406,10.19570149,16.84269362,A2452,Cache Slough,38.268934,-121.700157, , ,,Cache Slough Complex
54.64163333,70.1774125,10.53956604,18.12101006,A2453,Cache Slough,38.267889,-121.698876, , ,,Cache Slough Complex
46.58128333,61.5017375,11.07476298,19.1823003,A2454,Cache Slough,38.26674,-121.697699, , ,,Cache Slough Complex
42.9499,58.01539783,11.85230523,19.72094979,A2455,Cache Slough,38.265377,-121.696866, , ,,Cache Slough Complex
39.90055,54.61753437,12.05740179,19.70534212,A2456,Cache Slough,38.263835,-121.696514, , ,,Cache Slough Complex
39.25808333,54.13388281,11.83550953,19.39301482,A2457,Cache Slough,38.262404,-121.69607, , ,,Cache Slough Complex
36.85343333,49.73441094,12.05797487,19.5718742,A2458,Cache Slough,38.261084,-121.695316, , ,,Cache Slough Complex
35.788932,48.3406285,12.53192904,20.07582697,A2459,Cache Slough,38.259737,-121.694576, , ,,Cache Slough Complex
37.01647778,50.5807375,12.53451499,20.04640821,A2460,Cache Slough,38.258353,-121.693986, , ,,Cache Slough Complex
23.73576667,30.5643375,12.79746638,20.77538275,A2461,Cache Slough,38.257164,-121.692749, , ,,Cache Slough Complex
22.66767895,27.20975461,13.29547393,21.78647335,A2462,Cache Slough,38.256835,-121.691001, , ,,Cache Slough Complex
15.53373077,19.07385625,13.72209342,22.6130065,A2463,Cache Slough,38.25628,-121.68943, , ,,Cache Slough Complex
13.09322857,15.34173839,14.13429454,23.3921866,A2464,Cache Slough,38.255343,-121.687939, , ,,Cache Slough Complex
8.5157,7.741790625,13.99599337,23.08137019,A2465,Cache Slough,38.253886,-121.68771, , ,,Cache Slough Complex
7.756272727,6.2939635,14.0429021,23.38541618,A2466,Cache Slough,38.252413,-121.687613, , ,,Cache Slough Complex
6.668808333,5.757286,14.14629046,23.51498811,A2467,Cache Slough,38.250954,-121.687699, , ,,Cache Slough Complex
6.451236,5.140657,14.26294566,23.85085659,A2468,Cache Slough,38.24954,-121.68753, , ,,Cache Slough Complex
5.900033333,5.232682143,14.32957724,24.75484612,A2469,Cache Slough,38.248229,-121.686924, , ,,Cache Slough Complex
6.098963158,5.693992391,14.53011094,25.18795188,A2470,Cache Slough,38.246695,-121.687069, , ,,Cache Slough Complex
6.62617619,6.684767241,15.08017585,25.82945366,A2471,Cache Slough,38.245296,-121.687924, , ,,Cache Slough Complex
6.997657895,7.1208625,16.21441832,26.48701183,A2472,Cache Slough,38.244255,-121.688731, , ,,Cache Slough Complex
3.973603918,2.01122,17.63634274,27.22237389,A2473,Cache Slough,38.244183,-121.684241, , ,,Cache Slough Complex
4.116674436,2.142344444,17.65341645,26.83787597,A2474,Cache Slough,38.242598,-121.6849, , ,,Cache Slough Complex
6.397298621,5.426341667,18.44423915,28.10338585,A2475,Cache Slough,38.242534,-121.687963, , ,,Cache Slough Complex
7.4349,7.409436842,15.89247928,25.24692796,A2477,Cache Slough,38.240437,-121.685558, , ,,Cache Slough Complex
8.50118,10.45462,16.06000109,25.09830364,A2478,Cache Slough,38.239062,-121.684637, , ,,Cache Slough Complex
8.536344444,8.195570982,17.44966045,29.45906522,A2479,Cache Slough,38.237533,-121.68396, , ,,Cache Slough Complex
8.408405263,8.4093775,17.50684212,28.5965922,A2480,Cache Slough,38.23681,-121.681742, , ,,Cache Slough Complex
8.158085714,8.514172917,16.98182852,26.98268518,A2481,Cache Slough,38.23535,-121.68131, , ,,Cache Slough Complex
7.9961,8.153001786,17.17453434,27.01202232,A2482,Cache Slough,38.234828,-121.679782, , ,,Cache Slough Complex
8.012108,7.3198855,17.70474634,28.45156284,A2483,Cache Slough,38.234298,-121.678034, , ,,Cache Slough Complex
8.6673,7.077809239,17.1052899,28.63637268,A2484,Cache Slough,38.23343,-121.676602, , ,,Cache Slough Complex
9.052845455,7.314239773,16.55639933,28.08348258,A2485,Cache Slough,38.232118,-121.675732, , ,,Cache Slough Complex
8.429384615,6.910216346,16.28283673,28.43560222,A2486,Cache Slough,38.230731,-121.675434, , ,,Cache Slough Complex
8.260490476,7.281533929,15.56486863,26.90118324,A2487,Cache Slough,38.229418,-121.674589, , ,,Cache Slough Complex
8.011924,7.419397,15.4699822,26.19561522,A2488,Cache Slough,38.228135,-121.674614, , ,,Western Delta Tidal Zone
7.996453846,7.514178365,15.42049843,25.62130434,A2489,Cache Slough,38.226675,-121.674443, , ,,Western Delta Tidal Zone
8.671012,7.910842,14.61678077,24.58104986,A2490,Cache Slough,38.22521,-121.674359, , ,,Western Delta Tidal Zone
8.67874,8.0426275,13.89320036,24.19790653,A2491,Cache Slough,38.223796,-121.673915, , ,,Western Delta Tidal Zone
8.54258,8.34703,13.6475974,23.4363459,A2492,Cache Slough,38.222361,-121.673463, , ,,Western Delta Tidal Zone
8.266988889,8.365322222,13.35941128,23.12154153,A2493,Cache Slough,38.221011,-121.672769, , ,,Western Delta Tidal Zone
8.730566667,8.97600625,13.02352883,22.07525227,A2494,Cache Slough,38.219574,-121.672372, , ,,Western Delta Tidal Zone
8.666461538,8.633236058,12.91193863,22.0142121,A2495,Cache Slough,38.218266,-121.671527, , ,,Western Delta Tidal Zone
9.751884615,9.235317308,12.21917081,21.01298921,A2496,Cache Slough,38.216962,-121.670663, , ,,Western Delta Tidal Zone
9.523830769,8.975300962,12.41394912,21.57646383,A2497,Cache Slough,38.215713,-121.669747, , ,,Western Delta Tidal Zone
7.839061111,7.500007292,13.54221602,24.00894133,A2498,Cache Slough,38.214506,-121.668684, , ,,Western Delta Tidal Zone
6.808659016,5.772468066,17.89317754,28.84224544,A2499,Cache Slough,38.213312,-121.667583, , ,,Western Delta Tidal Zone
7.511020548,7.435949315,16.19232933,26.83963825,A2500,Cache Slough,38.212207,-121.66637, , ,,Western Delta Tidal Zone
8.046933898,7.76329661,15.22484698,26.57824365,A2501,Cache Slough,38.211138,-121.665089, , ,,Western Delta Tidal Zone
8.36427037,7.684684028,14.73420359,26.49641856,A2502,Cache Slough,38.210161,-121.663743, , ,,Western Delta Tidal Zone
8.009603226,7.761196169,14.23543933,25.8442332,A2503,Cache Slough,38.209172,-121.662429, , ,,Western Delta Tidal Zone
7.104466667,7.68423125,13.99723025,25.69199417,A2504,Cache Slough,38.208268,-121.660959, , ,,Western Delta Tidal Zone
7.772233333,7.810847321,13.95968046,25.11251004,A2505,Cache Slough,38.207541,-121.659329, , ,,Western Delta Tidal Zone
6.002667742,7.9057075,14.0993612,25.22192506,A2506,Cache Slough,38.206251,-121.658567, , ,,Western Delta Tidal Zone
8.670368,7.7580295,14.20268283,25.56484141,A2507,Cache Slough,38.204958,-121.657843, , ,,Western Delta Tidal Zone
6.447154545,7.880415779,13.94479761,25.68501098,A2508,Cache Slough,38.203528,-121.657584, , ,,Western Delta Tidal Zone
8.444069231,7.866822596,13.86125019,25.59334952,A2509,Cache Slough,38.202166,-121.657207, , ,,Western Delta Tidal Zone
8.432131579,7.853075658,14.2636555,25.75248202,A2510,Cache Slough,38.200742,-121.657218, , ,,Western Delta Tidal Zone
8.80554918,7.635114139,14.17751853,25.70658857,A2511,Cache Slough,38.199288,-121.65722, , ,,Western Delta Tidal Zone
8.145044828,7.837500431,14.21487552,25.85813095,A2512,Cache Slough,38.197816,-121.657129, , ,,Western Delta Tidal Zone
7.761182759,7.745180603,14.54923482,26.35088521,A2513,Cache Slough,38.19639,-121.656876, , ,,Western Delta Tidal Zone
8.44115,8.515901705,13.81672761,24.99494971,A2514,Cache Slough,38.194945,-121.6568, , ,,Western Delta Tidal Zone
9.583453846,10.64424856,11.4310522,20.48913281,A2516,Cache Slough,38.192144,-121.657581, , ,,Western Delta Tidal Zone
10.13899231,10.55115048,11.33621131,20.28856912,A2517,Cache Slough,38.19087,-121.658472, , ,,Western Delta Tidal Zone
10.15509231,10.88357644,11.10246544,19.46222817,A2518,Cache Slough,38.189525,-121.659164, , ,,Western Delta Tidal Zone
10.27173704,10.81960417,11.39685883,19.75001179,A2519,Cache Slough,38.188185,-121.659876, , ,,Western Delta Tidal Zone
10.12053333,11.0512,11.23575247,19.18805039,A2520,Cache Slough,38.186798,-121.660554, , ,,Western Delta Tidal Zone
9.335761538,10.59393798,11.63574594,19.86432747,A2521,Cache Slough,38.185523,-121.661383, , ,,Western Delta Tidal Zone
9.883462963,10.68626111,11.48138474,19.41460803,A2522,Cache Slough,38.18426,-121.662277, , ,,Western Delta Tidal Zone
10.79696923,10.91249327,11.26242042,18.91006029,A2523,Cache Slough,38.182775,-121.663043, , ,,Western Delta Tidal Zone
11.30612857,10.82918527,11.59256085,19.46510541,A2524,Cache Slough,38.181538,-121.664004, , ,,Western Delta Tidal Zone
10.2150037,10.70075,11.65206719,19.69298402,A2525,Cache Slough,38.180325,-121.665015, , ,,Western Delta Tidal Zone
20.673125,29.42461094,5.538871985,8.908465229,A2563,Lindsey Slough,38.252135,-121.724802, , ,,Cache Slough Complex
21.60020345,29.19773707,5.539967442,8.965987604,A2564,Lindsey Slough,38.251633,-121.723331, , ,,Cache Slough Complex
21.37224286,29.1054875,5.507953838,9.244405527,A2565,Lindsey Slough,38.251272,-121.72147, , ,,Cache Slough Complex
21.6595,29.06967452,5.553647745,9.290682034,A2566,Lindsey Slough,38.25113,-121.719548, , ,,Cache Slough Complex
22.65251176,28.8997,5.688903805,9.259679976,A2567,Lindsey Slough,38.250465,-121.718058, , ,,Cache Slough Complex
20.41658421,28.42678553,5.803493385,9.461981155,A2568,Lindsey Slough,38.249614,-121.716646, , ,,Cache Slough Complex
19.75148519,26.57581806,6.088645434,10.41636574,A2569,Lindsey Slough,38.24999,-121.714802, , ,,Cache Slough Complex
19.56461579,23.94728816,6.740040266,12.07197142,A2570,Lindsey Slough,38.250336,-121.713026, , ,,Cache Slough Complex
18.83922,21.943675,7.778086033,14.4432667,A2571,Lindsey Slough,38.249494,-121.711485, , ,,Cache Slough Complex
18.3263,22.77763261,9.283789269,14.67964792,A2572,Lindsey Slough,38.248301,-121.710459, , ,,Cache Slough Complex
18.65092667,24.1698475,9.252683626,12.64589027,A2573,Lindsey Slough,38.247167,-121.709655, , ,,Cache Slough Complex
18.96520588,24.08592647,8.700492215,12.69995559,A2574,Lindsey Slough,38.246905,-121.70828, , ,,Cache Slough Complex
16.0018037,18.97367917,9.694414119,15.8245996,A2575,Lindsey Slough,38.2474,-121.706513, , ,,Cache Slough Complex
16.86364545,19.75706705,9.532279362,15.41279103,A2576,Lindsey Slough,38.246773,-121.704951, , ,,Cache Slough Complex
16.917225,18.10120469,10.49149212,16.74095134,A2577,Lindsey Slough,38.246654,-121.703375, , ,,Cache Slough Complex
14.53604545,17.16397784,11.09489133,17.89792937,A2578,Lindsey Slough,38.246715,-121.701496, , ,,Cache Slough Complex
14.03038,15.8852095,11.18734158,18.7585949,A2579,Lindsey Slough,38.246525,-121.699666, , ,,Cache Slough Complex
12.80150769,13.4167375,11.70228113,19.92792627,A2580,Lindsey Slough,38.246476,-121.69786, , ,,Cache Slough Complex
10.34705385,10.31084207,13.97214712,22.58084649,A2581,Lindsey Slough,38.246043,-121.695933, , ,,Cache Slough Complex
9.702174286,9.812272656,13.76626787,23.48229451,A2582,Lindsey Slough,38.244469,-121.695591, , ,,Cache Slough Complex
11.837445,12.47794181,13.3179751,21.82823911,A2583,Lindsey Slough,38.244009,-121.694058, , ,,Cache Slough Complex
11.55336364,12.27207,14.43753295,23.70698419,A2584,Lindsey Slough,38.244079,-121.69217, , ,,Cache Slough Complex
10.06763333,10.5071875,14.32010518,23.58721318,A2585,Lindsey Slough,38.244262,-121.690223, , ,,Cache Slough Complex
3.991566667,1.699455203,14.68280318,33.47682531,A5911,Little Holland Tract,38.334841,-121.655013, , ,,Cache Slough Complex
3.68633125,1.575247581,15.54303315,34.09732471,A5912,Little Holland Tract,38.333408,-121.655222, , ,,Cache Slough Complex
4.098645455,1.868557955,17.08116354,34.61447927,A5913,Little Holland Tract,38.331963,-121.655389, , ,,Cache Slough Complex
4.915869231,1.731489773,19.62740321,45.40051533,A5923,Little Holland Tract,38.334655,-121.660257, , ,,Cache Slough Complex
4.181347059,2.298269792,16.91097273,35.30675961,A5949,Little Holland Tract,38.295935,-121.662123, , ,,Cache Slough Complex
4.470583333,2.091803125,18.54399579,32.67979096,A6020,Liberty Island,38.275628,-121.669912, , ,,Cache Slough Complex
5.507806667,2.1298025,18.11399723,32.4017617,A6021,Liberty Island,38.274188,-121.670025, , ,,Cache Slough Complex
4.7899,1.957710156,17.76365357,31.25362389,A6022,Liberty Island,38.272759,-121.670446, , ,,Cache Slough Complex
5.138733333,1.838134375,18.14846176,30.88982571,A6023,Liberty Island,38.271328,-121.670971, , ,,Cache Slough Complex
5.704642857,1.716102679,18.33075713,30.20104038,A6024,Liberty Island,38.269898,-121.671461, , ,,Cache Slough Complex
6.141073333,1.9309425,18.85938421,29.38337616,A6025,Liberty Island,38.268458,-121.671903, , ,,Cache Slough Complex
5.735966667,1.1183875,15.46517064,28.0738496,A6060,Liberty Island,38.27863,-121.676639, , ,,Cache Slough Complex
4.331545528,1.539745496,16.72044535,30.0411689,A6061,Liberty Island,38.27718,-121.676633, , ,,Cache Slough Complex
4.305394545,2.093232661,18.3705319,32.87579263,A6062,Liberty Island,38.275729,-121.676627, , ,,Cache Slough Complex
6.3309,2.07805,19.18281751,29.46613771,A6067,Liberty Island,38.268476,-121.676599, , ,,Cache Slough Complex
4.948753333,1.93787,19.20306929,29.73738753,A6068,Liberty Island,38.267025,-121.675143, , ,,Cache Slough Complex
4.502071429,1.853925,19.22330003,30.3577028,A6069,Liberty Island,38.265575,-121.675563, , ,,Cache Slough Complex
4.653214286,2.036572321,19.29669025,30.51960742,A6070,Liberty Island,38.264115,-121.675562, , ,,Cache Slough Complex
4.45962,2.0931275,19.45998092,30.64238989,A6071,Liberty Island,38.262669,-121.675529, , ,,Cache Slough Complex
4.364975,2.2284175,19.59325864,30.91858233,A6072,Liberty Island,38.261225,-121.675651, , ,,Cache Slough Complex
4.2128875,2.081488281,18.6866557,30.64610746,A6073,Liberty Island,38.259779,-121.675917, , ,,Cache Slough Complex
4.970526667,2.0939425,18.37775212,29.88895923,A6074,Liberty Island,38.258331,-121.676157, , ,,Cache Slough Complex
3.8535125,2.069645313,18.00972359,29.55619832,A6075,Liberty Island,38.256872,-121.676331, , ,,Cache Slough Complex
3.86254,2.2064125,18.25776777,29.42053912,A6076,Liberty Island,38.255405,-121.6762, , ,,Cache Slough Complex
4.26665,2.19724375,18.24538355,29.36129445,A6077,Liberty Island,38.253998,-121.676146, , ,,Cache Slough Complex
3.835975,2.109376563,18.42116918,28.96268429,A6078,Liberty Island,38.252522,-121.676457, , ,,Cache Slough Complex
3.766553333,2.115234375,18.62435385,28.83724279,A6079,Liberty Island,38.2511,-121.676796, , ,,Cache Slough Complex
3.859992308,2.2879125,18.82211688,29.13571831,A6080,Liberty Island,38.249664,-121.677289, , ,,Cache Slough Complex
3.302128571,2.163188393,18.50645163,29.11562555,A6081,Liberty Island,38.248254,-121.677796, , ,,Cache Slough Complex
4.178125556,1.38606737,13.10350384,23.6122908,A6117,Liberty Island,38.278748,-121.682247, , ,,Cache Slough Complex
6.0641,1.1306125,15.46517064,28.11947522,A6118,Liberty Island,38.277298,-121.682241, , ,,Cache Slough Complex
3.4191,2.18501875,18.08390874,28.87830237,A6138,Liberty Island,38.248292,-121.682637, , ,,Cache Slough Complex
3.447668421,2.265928947,17.20541666,27.39321786,A6139,Liberty Island,38.246858,-121.682585, , ,,Cache Slough Complex
3.35194,2.298973214,18.38103832,27.28509287,A6140,Liberty Island,38.245432,-121.68186, , ,,Cache Slough Complex
3.957811111,2.28770875,19.10672308,29.11025752,A6141,Liberty Island,38.243978,-121.681097, , ,,Cache Slough Complex
3.687072549,1.220572554,10.27370246,17.28298802,A6170,Liberty Island,38.280115,-121.689181, , ,,Cache Slough Complex
3.792800392,1.69401559,9.822097178,16.08538739,A6171,Liberty Island,38.27866,-121.689485, , ,,Cache Slough Complex
14.78041,15.708925,3.057308491,5.001265028,A646,Sacramento River,38.172858,-121.645277, , ,,North Delta Tidal Transition Zone
14.35255806,15.79580982,3.083932573,5.002569105,A647,Sacramento River,38.172988,-121.647121, , ,,North Delta Tidal Transition Zone
14.321675,15.76852188,3.109930805,4.970550289,A648,Sacramento River,38.17305,-121.648914, , ,,North Delta Tidal Transition Zone
14.392308,15.64968077,3.081809973,4.956001602,A649,Sacramento River,38.173458,-121.650671, , ,,North Delta Tidal Transition Zone
13.44460833,15.44898289,3.070016719,5.02176773,A650,Sacramento River,38.173849,-121.652425, , ,,North Delta Tidal Transition Zone
12.584508,15.36768804,3.077532249,5.19282655,A651,Sacramento River,38.174403,-121.654101, , ,,North Delta Tidal Transition Zone
13.478564,14.8314145,3.137704635,6.279898653,A652,Sacramento River,38.175012,-121.655747, , ,,North Delta Tidal Transition Zone
12.77850769,13.70520048,4.86593377,8.735435219,A653,Sacramento River,38.17535,-121.657546, , ,,North Delta Tidal Transition Zone
10.77626923,11.33519615,6.086967213,13.2020686,A654,Sacramento River,38.175767,-121.659425, , ,,North Delta Tidal Transition Zone
10.61445833,11.36522969,7.306405806,16.93655922,A655,Sacramento River,38.175936,-121.661218, , ,,North Delta Tidal Transition Zone
10.29648333,10.75703594,10.59327232,18.55013428,A656,Sacramento River,38.175484,-121.66326, , ,,North Delta Tidal Transition Zone
10.61066923,10.7331149,10.66726839,18.10296805,A657,Sacramento River,38.176846,-121.664573, , ,,North Delta Tidal Transition Zone
11.71114762,12.25478036,9.837280326,16.48009281,A658,Sacramento River,38.179403,-121.666553, , ,,Western Delta Tidal Zone
14.16452963,15.36073889,5.403557134,8.45623519,A659,Sacramento River,38.178146,-121.667403, , ,,Western Delta Tidal Zone
13.76504118,15.43365172,6.907107896,8.239229018,A660,Sacramento River,38.17685,-121.668186, , ,,Western Delta Tidal Zone
13.767628,15.26576875,8.979633144,9.78525055,A661,Sacramento River,38.175172,-121.668093, , ,,Western Delta Tidal Zone
13.21315714,14.94527,9.247228907,13.31971279,A662,Sacramento River,38.173881,-121.668833, , ,,Western Delta Tidal Zone
11.547668,13.3116025,9.214714117,14.6030936,A663,Sacramento River,38.173097,-121.670531, , ,,Western Delta Tidal Zone
11.69237692,12.56968606,9.613915016,15.459914,A664,Sacramento River,38.171934,-121.671539, , ,,Western Delta Tidal Zone
11.4305963,12.33007083,9.574129928,15.84930577,A665,Sacramento River,38.170822,-121.672684, , ,,Western Delta Tidal Zone
11.31894286,11.91371741,9.588959681,16.29631376,A666,Sacramento River,38.169569,-121.673563, , ,,Western Delta Tidal Zone
11.82381111,12.02444583,9.408747201,16.01698263,A667,Sacramento River,38.168213,-121.674246, , ,,Western Delta Tidal Zone
11.65119655,12.18053707,9.344945651,15.8509591,A668,Sacramento River,38.16706,-121.675362, , ,,Western Delta Tidal Zone
10.8509963,12.17273056,9.180541303,15.73420589,A669,Sacramento River,38.165792,-121.676228, , ,,Western Delta Tidal Zone
11.320612,12.604264,8.617790007,14.91592864,A670,Sacramento River,38.164247,-121.676545, , ,,Western Delta Tidal Zone
11.79658462,12.57368269,8.627420996,14.96262076,A671,Sacramento River,38.163116,-121.677796, , ,,Western Delta Tidal Zone
11.82215,12.68258259,8.497595889,14.57465149,A672,Sacramento River,38.161903,-121.678815, , ,,Western Delta Tidal Zone
11.66349259,12.82246667,8.545324321,14.30596892,A673,Sacramento River,38.160698,-121.679795, , ,,Western Delta Tidal Zone
11.8601,13.28379062,8.233861086,13.69500483,A674,Sacramento River,38.159559,-121.680992, , ,,Western Delta Tidal Zone
11.84154667,13.31710375,8.073703301,13.30620451,A675,Sacramento River,38.158896,-121.682897, , ,,Western Delta Tidal Zone
11.99267857,13.44162411,7.630866147,12.78127035,A676,Sacramento River,38.157555,-121.683731, , ,,Western Delta Tidal Zone
12.64608667,13.42794375,7.378287142,12.43166586,A677,Sacramento River,38.156438,-121.685087, , ,,Western Delta Tidal Zone
12.90775,13.68088482,7.121221035,12.03698013,A678,Sacramento River,38.154962,-121.685628, , ,,Western Delta Tidal Zone
11.89298148,13.49506806,7.090301977,12.11671074,A679,Sacramento River,38.153518,-121.685911, , ,,Western Delta Tidal Zone
12.26457143,13.68110313,6.826086454,11.85786233,A680,Sacramento River,38.152093,-121.686369, , ,,Western Delta Tidal Zone
12.74489231,13.81875192,6.853490143,11.82953646,A681,Sacramento River,38.15067,-121.686748, , ,,Western Delta Tidal Zone
11.42521961,11.46706078,10.27030222,16.65423568,A683,Sacramento River,38.147878,-121.687732, , ,,Western Delta Tidal Zone
13.96371538,15.08632321,5.588508559,9.592230926,A684,Sacramento River,38.146499,-121.688278, , ,,Western Delta Tidal Zone
12.51146,14.98066429,5.830246496,10.17848488,A685,Sacramento River,38.145109,-121.688753, , ,,Western Delta Tidal Zone
12.25898571,14.76585357,6.169015147,11.50027938,A686,Sacramento River,38.143708,-121.689199, , ,,Western Delta Tidal Zone
11.71259333,14.70385536,7.005716101,13.09893128,A687,Sacramento River,38.142225,-121.689413, , ,,Western Delta Tidal Zone
12.4029,14.73791071,7.852518052,14.11157984,A688,Sacramento River,38.140817,-121.689861, , ,,Western Delta Tidal Zone
13.02779231,14.7565975,8.094326356,14.09040433,A689,Sacramento River,38.139442,-121.690408, , ,,Western Delta Tidal Zone
13.03632,14.65320893,8.284988869,14.73148616,A690,Sacramento River,38.137978,-121.690673, , ,,Western Delta Tidal Zone
13.45108667,14.51174821,8.654891125,15.20331173,A691,Sacramento River,38.13658,-121.691106, , ,,Western Delta Tidal Zone
14.71800333,17.69193114,8.91172795,10.63384048,A692,Sacramento River,38.135137,-121.691311, , ,,Western Delta Tidal Zone
13.92824805,17.65219063,8.361340831,10.27944835,A693,Sacramento River,38.133771,-121.691922, , ,,Western Delta Tidal Zone
14.20310303,17.79174096,4.802208322,9.954524811,A694,Sacramento River,38.132252,-121.691732, , ,,Western Delta Tidal Zone
14.40589836,17.89141412,4.86831644,9.698419162,A695,Sacramento River,38.130808,-121.692024, , ,,Western Delta Tidal Zone
14.73657436,17.90047235,9.856873393,9.643634053,A696,Sacramento River,38.129471,-121.692688, , ,,Western Delta Tidal Zone
14.08855231,17.14620885,6.327398082,11.37051021,A697,Sacramento River,38.128173,-121.6936, , ,,Western Delta Tidal Zone
14.84622632,16.95246611,6.386708704,11.84528075,A698,Sacramento River,38.126895,-121.694445, , ,,Western Delta Tidal Zone
14.23016786,16.89082054,6.167487848,11.66252887,A699,Sacramento River,38.125628,-121.695282, , ,,Western Delta Tidal Zone
14.553768,16.9781245,6.019578616,11.40206841,A700,Sacramento River,38.124178,-121.69573, , ,,Western Delta Tidal Zone
15.23873784,16.92289057,6.200151944,12.00239772,A701,Sacramento River,38.123,-121.696791, , ,,Western Delta Tidal Zone
14.83901282,16.88224716,6.514727395,12.45350178,A702,Sacramento River,38.121737,-121.697703, , ,,Western Delta Tidal Zone
14.48586364,14.706475,9.666804764,16.52091884,A703,Sacramento River,38.120354,-121.698267, , ,,Western Delta Tidal Zone
13.51084286,14.94129687,9.448931562,16.07478266,A704,Sacramento River,38.119192,-121.699411, , ,,Western Delta Tidal Zone
13.69125385,16.61751417,7.429236207,12.79183027,A705,Sacramento River,38.117996,-121.700464, , ,,Western Delta Tidal Zone
13.95699231,16.25835143,7.387974278,13.2359168,A706,Sacramento River,38.117002,-121.701837, , ,,Western Delta Tidal Zone
13.98883846,16.26606806,7.179686774,13.338016,A707,Sacramento River,38.115674,-121.702639, , ,,Western Delta Tidal Zone
13.38532857,16.17664444,7.004635595,13.10464207,A708,Sacramento River,38.114549,-121.703733, , ,,Western Delta Tidal Zone
13.7645,16.18738621,7.007455325,13.0388013,A709,Sacramento River,38.113534,-121.705145, , ,,Western Delta Tidal Zone
14.6385,16.605425,6.524834296,12.67316448,A710,Sacramento River,38.11295,-121.707198, , ,,Western Delta Tidal Zone
13.82798,16.6441375,6.434520747,12.5204984,A711,Sacramento River,38.112206,-121.708478, , ,,Western Delta Tidal Zone
13.99647143,16.54087991,6.450869874,12.45475043,A712,Sacramento River,38.110984,-121.709286, , ,,Western Delta Tidal Zone
14.55869,16.89079485,5.937927827,12.00393335,A713,Sacramento River,38.10826,-121.708979, , ,,Western Delta Tidal Zone
14.36948519,16.81343523,6.382589495,12.31412531,A714,Sacramento River,38.107494,-121.710506, , ,,Western Delta Tidal Zone
14.82692963,16.99526667,6.258158678,12.09796715,A715,Sacramento River,38.105699,-121.711053, , ,,Western Delta Tidal Zone
14.824524,17.12259871,6.209092131,12.0659052,A716,Sacramento River,38.10667,-121.714317, , ,,Western Delta Tidal Zone
14.47856154,17.14445694,6.029875192,12.00412483,A717,Sacramento River,38.105665,-121.71561, , ,,Western Delta Tidal Zone
14.76355185,17.11615833,6.128043715,12.08318902,A718,Sacramento River,38.104516,-121.716768, , ,,Western Delta Tidal Zone
14.92016154,17.26408606,6.017481725,12.22340211,A719,Sacramento River,38.103715,-121.718304, , ,,Western Delta Tidal Zone
15.0697,17.28142222,6.02893983,12.51657608,A720,Sacramento River,38.10264,-121.719538, , ,,Western Delta Tidal Zone
14.77830714,17.32437143,6.198381935,12.6743873,A721,Sacramento River,38.101621,-121.720836, , ,,Western Delta Tidal Zone
14.87275926,17.39778611,6.709119246,12.7718321,A722,Sacramento River,38.100917,-121.722502, , ,,Western Delta Tidal Zone
14.83235714,17.38287679,6.938373718,12.37459514,A723,Sacramento River,38.099854,-121.72377, , ,,Western Delta Tidal Zone
14.86336923,17.46885481,6.969375655,12.15894001,A724,Sacramento River,38.098673,-121.724866, , ,,Western Delta Tidal Zone
14.98264815,17.52886528,6.896033664,11.94763001,A725,Sacramento River,38.097768,-121.726288, , ,,Western Delta Tidal Zone
15.00412069,17.55194914,6.82432642,11.80933144,A726,Sacramento River,38.096837,-121.727697, , ,,Western Delta Tidal Zone
14.9904,17.49894712,6.768874773,11.69793874,A727,Sacramento River,38.095745,-121.728937, , ,,Western Delta Tidal Zone
14.48916429,17.57192768,6.680750427,11.42726552,A728,Sacramento River,38.094915,-121.730428, , ,,Western Delta Tidal Zone
15.010916,17.67149028,6.526228168,11.09203194,A729,Sacramento River,38.093991,-121.731833, , ,,Western Delta Tidal Zone
14.64855185,17.640475,6.400972974,10.70499634,A730,Sacramento River,38.092843,-121.732989, , ,,Western Delta Tidal Zone
14.79436923,17.98065913,5.964664266,9.953359497,A732,Sacramento River,38.090968,-121.735857, , ,,Western Delta Tidal Zone
15.43614,18.06733125,5.909332607,9.974625799,A733,Sacramento River,38.090121,-121.737349, , ,,Western Delta Tidal Zone
15.64622857,17.90440402,5.735068911,9.848116361,A734,Sacramento River,38.08941,-121.738916, , ,,Western Delta Tidal Zone
14.89916667,17.77706587,5.737588888,9.9937836,A735,Sacramento River,38.086885,-121.738725, , ,,Western Delta Tidal Zone
14.13778148,17.78012212,5.699502422,9.967103274,A736,Sacramento River,38.087311,-121.741526, , ,,Western Delta Tidal Zone
14.60789231,17.85934952,5.553447535,9.678284692,A737,Sacramento River,38.086761,-121.743291, , ,,Western Delta Tidal Zone
15.49456,17.9000525,5.434190543,9.501081081,A738,Sacramento River,38.085898,-121.744755, , ,,Western Delta Tidal Zone
15.17940588,17.91906917,4.789845781,8.290156755,A739,Sacramento River,38.085142,-121.746359, , ,,Western Delta Tidal Zone
15.52865897,17.7810625,4.348946759,7.69233405,A740,Sacramento River,38.08437,-121.747922, , ,,Western Delta Tidal Zone
14.83552617,17.56470307,5.41044216,8.12749238,A741,Sacramento River,38.083504,-121.74939, , ,,Western Delta Tidal Zone
15.20711705,17.67003954,6.536317352,9.65940081,A742,Sacramento River,38.082427,-121.750674, , ,,Western Delta Tidal Zone
14.99673009,18.01872099,7.774098588,7.778398517,A743,Sacramento River,38.081639,-121.752267, , ,,Western Delta Tidal Zone
14.88087522,17.5223,7.295623313,8.271429374,A744,Sacramento River,38.080898,-121.753821, , ,,Western Delta Tidal Zone
15.6597,17.98098993,7.294816963,8.327861017,A745,Sacramento River,38.080415,-121.755511, , ,,Western Delta Tidal Zone
16.03654062,18.8551546,6.75314036,9.546544321,A746,Sacramento River,38.079584,-121.757026, , ,,Western Delta Tidal Zone
15.89167656,18.79290272,5.869246044,10.17479835,A747,Sacramento River,38.07877,-121.758558, , ,,Western Delta Tidal Zone
15.89413373,18.63556054,5.965269107,9.870924039,A748,Sacramento River,38.077966,-121.760124, , ,,Western Delta Tidal Zone
3.875545455,2.277979688,27.53863807,45.90132958,A2155,Toe Drain Canal,38.36554,-121.63764,TOE DRAIN A MALLARD RD NR COURTLAND CA,Toe North,11455139,Cache Slough Complex
4.688802222,2.157335326,27.50508438,45.30165906,A2167,Toe Drain Canal,38.349105,-121.6453,TOE DRAIN A LIBERTY ISLAND NR COURTLAND CA,Toe South,11455140,Cache Slough Complex
4.023222242,1.46481495,26.60894696,44.0009465,A2263,Liberty Cut,38.329293,-121.667258,LIBERTY CUT A LITTLE HOLLAND TRACT NR COURTLAND CA,Liberty Cut,11455146,Cache Slough Complex
3.796515625,1.224449914,20.35748594,33.94654547,A2355,Shag Slough,38.318682,-121.692991,SHAG SLOUGH A LIBERTY ISLAND NR COURTLAND CA,Shag,11455276,Cache Slough Complex
96.76621852,135.5279611,7.846012714,12.95969173,A2445,Cache Slough,38.276099,-121.708263,CACHE SLOUGH NR HASTINGS TRACT NR RIO VISTA CA (Upper Cache Slough),USC,11455280,Cache Slough Complex
5.845010256,4.60149375,18.08339073,27.92336781,A2476,Cache Slough,38.241338,-121.687009,CACHE SLOUGH A S LIBERTY ISLAND NR RIO VISTA CA,LIB,11455315,Cache Slough Complex
9.446161538,10.10775913,12.00016693,21.40645615,A2515,Cache Slough,38.193497,-121.656957,CACHE SLOUGH AB RYER ISLAND FERRY NR RIO VISTA CA,RYF,11455385,Western Delta Tidal Zone
12.45571481,13.56887083,7.092711499,12.10234834,A682,Sacramento River,38.149323,-121.687423,SACRAMENTO R A RIO VISTA CA,SRV,11455420,Western Delta Tidal Zone
13.91591667,17.79590714,6.188085046,10.17068358,A731,Sacramento River,38.092014,-121.73451,SACRAMENTO R A DECKER ISLAND NR RIO VISTA CA,SDI,11455478,Western Delta Tidal Zone
