Station Abbrev. DS,Station ID DS,Timestamp (PST) DS,"Latitude (Decimal Degrees, NAD83)","Longitude (Decimal Degrees, NAD83)",NH4 (µM) DS,NO2 + NO3 (µM) DS,NO2 (µM) DS,PO4 (µM) DS,TDN (µM) DS,Chla (µg/L) DS,Pheophytin (µg/L) DS,5 micron Chla (µg/L) DS,5 micron Pheophytin (µg/L) DS,Phycocyanin (µg/L) DS,Allophycocyanin (µg/L) DS,Phycoerythrin (µg/L) DS,DOC (mg/L) DS,A254 (AU/cm) DS,A280 (AU/cm) DS,A370 (AU/cm) DS,A412 (AU/cm) DS,A440 (AU/cm) DS,Sag 275-295 nm DS,Sag 290-350 nm DS,Sag 350-400 nm DS,Sag 412-600 nm DS,Peak A (RU) DS,Peak B (RU) DS,Peak T (RU) DS,Peak N (RU) DS,Peak M (RU) DS,Peak C (RU) DS,Peak D (RU) DS,fDOM (RU) DS,HIX DS,FI DS,Picocyanobacteria aliquot (mL) DS,Picocyanobacteria PC-Rich Tally DS,Picocyanobacteria PC-Rich Density (cells/L) DS,Picocyanobacteria PE-Rich Tally DS,Picocyanobacteria PE-Rich Density (cells/L) DS,Picocyanobacteria Total Tally DS,Picocyanobacteria Total Density (cells/L) DS
WSPIER,11447540,5/15/2018 7:39,38.56894,-121.51842,,,,0.88,,,,,,,,,,,,,,,,,,,,,,,,,,,,,,,,,,,
MILE55,383225121304601,5/15/2018 7:43,38.55915,-121.51684,,,,0.83,,,,,,,,,,,,,,,,,,,,,,,,,,,,,,,,,,,
SWH,383155121314101,5/15/2018 7:54,38.53141,-121.52930,,,,0.72,,,,,,,,,,,,,,,,,,,,,,,,,,,,,,,,,,,
SWH,383155121314101,5/15/2018 7:59,38.51620,-121.54312,,,,0.88,,,,,,,,,,,,,,,,,,,,,,,,,,,,,,,,,,,
USFPT,382740121301201,5/15/2018 8:05,38.48794,-121.55246,,,,0.79,,,,,,,,,,,,,,,,,,,,,,,,,,,,,,,,,,,
USFPT,382740121301201,5/15/2018 8:52,38.47401,-121.53250,,,,0.89,,,,,,,,,,,,,,,,,,,,,,,,,,,,,,,,,,,
USFPT,382740121301201,5/15/2018 9:00,38.45622,-121.50223,0.82,3.03,0.09,0.86,7.85,5.24,2.88,4.38,1.76,16.09,2.13,0.00,1.56,0.043,0.031,0.007,0.003,0.002,0.019,0.017,0.018,0.011,0.297,0.250,0.120,0.118,0.158,0.162,0.057,0.112,0.744,1.564,5,102,8726946,200,17111660,302,25838606
DSFPT,382702121300501,5/15/2018 9:15,38.45060,-121.50150,117.79,,,4.88,,,,,,,,,,,,,,,,,,,,,,,,,,,,,,,,,,,
MILE 44,382605121310401,5/15/2018 9:22,38.43488,-121.51739,41.26,,,2.07,,,,,,,,,,,,,,,,,,,,,,,,,,,,,,,,,,,
MILE 44,382605121310401,5/15/2018 9:27,38.41808,-121.52379,60.22,,,2.93,,,,,,,,,,,,,,,,,,,,,,,,,,,,,,,,,,,
HOOD,382205121311300,5/15/2018 9:40,38.36784,-121.52132,46.50,4.97,0.45,2.38,61.40,5.50,2.92,,,0.00,0.00,0.00,1.86,0.048,0.035,0.007,0.003,0.002,0.019,0.017,0.019,0.014,0.387,0.236,0.130,0.149,0.197,0.220,0.078,0.151,0.769,1.732,,,,,,,
SNOD,11447800,5/15/2018 9:50,38.34689,-121.54118,53.15,,,2.99,,,,,,,,,,,,,,,,,,,,,,,,,,,,,,,,,,,
GREENS,11447810,5/15/2018 9:54,38.33544,-121.56796,40.71,,,2.83,,,,,,,,,,,,,,,,,,,,,,,,,,,,,,,,,,,
COURTLAND,381756121340200,5/15/2018 10:00,38.30569,-121.57392,44.32,,,3.06,,,,,,,,,,,,,,,,,,,,,,,,,,,,,,,,,,,
MILE30,381703121331101,5/15/2018 10:06,38.28253,-121.55013,60.04,,,3.36,,,,,,,,,,,,,,,,,,,,,,,,,,,,,,,,,,,
WGA,11447890,5/15/2018 10:15,38.25778,-121.51722,60.54,7.82,0.84,3.36,84.24,6.14,3.34,5.38,2.22,116.25,20.35,0.00,1.93,0.048,0.034,0.007,0.004,0.002,0.019,0.017,0.019,0.012,0.386,0.147,0.121,0.143,0.206,0.225,0.075,0.153,0.805,1.726,5,177,12709991,138,9909484,315,22619475
GSL,11447903,5/15/2018 10:38,38.24004,-121.51713,,,,2.72,,,,,,,,,,,,,,,,,,,,,,,,,,,,,,,,,,,
GSL,11447903,5/15/2018 10:48,38.22323,-121.54231,,,,2.75,,,,,,,,,,,,,,,,,,,,,,,,,,,,,,,,,,,
GSL,11447903,5/15/2018 10:56,38.20134,-121.54186,,,,2.30,,,,,,,,,,,,,,,,,,,,,,,,,,,,,,,,,,,
GSL,11447903,5/15/2018 11:02,38.18246,-121.56995,,,,2.43,,,,,,,,,,,,,,,,,,,,,,,,,,,,,,,,,,,
GSL,11447903,5/15/2018 11:09,38.16194,-121.58468,,,,2.80,,,,,,,,,,,,,,,,,,,,,,,,,,,,,,,,,,,
GSL,11447903,5/15/2018 11:25,38.14900,-121.59168,,,,2.93,,,,,,,,,,,,,,,,,,,,,,,,,,,,,,,,,,,
GAM,380749121344701,5/15/2018 11:45,38.13012,-121.57953,35.79,11.72,1.21,2.77,58.54,1.60,1.44,,,0.00,0.00,0.00,1.88,0.048,0.034,0.007,0.004,0.002,0.020,0.017,0.019,0.012,0.353,0.448,0.146,0.142,0.195,0.199,0.068,0.131,0.707,1.671,,,,,,,
MOK,11336930,5/15/2018 12:05,38.10780,-121.57172,,,,2.57,,,,,,,,,,,,,,,,,,,,,,,,,,,,,,,,,,,
WEBB,380433121341501,5/15/2018 12:14,38.08328,-121.57364,,,,2.52,,,,,,,,,,,,,,,,,,,,,,,,,,,,,,,,,,,
ORF,380300121344801,5/15/2018 12:25,38.04335,-121.57552,1.73,17.66,0.29,2.23,35.70,1.83,1.82,0.78,0.89,9.85,3.11,0.00,4.02,0.131,0.094,0.020,0.010,0.006,0.018,0.017,0.019,0.014,1.210,0.264,0.237,0.348,0.562,0.595,0.207,0.390,0.868,1.562,5,363,69510006,0,0,363,69510006
HOL,11313431,5/15/2018 12:42,38.02740,-121.58380,,,,2.27,,,,,,,,,,,,,,,,,,,,,,,,,,,,,,,,,,,
HOL,11313431,5/15/2018 12:48,37.99446,-121.57999,,,,2.37,,,,,,,,,,,,,,,,,,,,,,,,,,,,,,,,,,,
OLD,11313405,5/15/2018 12:55,37.96756,-121.57324,1.90,18.24,0.30,2.49,39.98,1.92,1.61,,,4.16,0.00,0.00,4.57,0.150,0.108,0.023,0.011,0.007,0.017,0.017,0.019,0.014,1.409,0.123,0.248,0.412,0.663,0.701,0.247,0.459,0.890,1.562,,,,,,,
HNB,375627121333701,5/15/2018 13:18,37.94539,-121.55759,,,,2.77,,,,,,,,,,,,,,,,,,,,,,,,,,,,,,,,,,,
ORI,11313325,5/15/2018 13:30,37.91315,-121.56391,3.56,24.10,0.38,2.90,48.55,1.68,2.13,0.86,1.05,6.24,0.00,0.00,4.60,0.147,0.106,0.023,0.011,0.007,0.018,0.017,0.019,0.014,1.443,0.240,0.262,0.430,0.679,0.712,0.253,0.467,0.878,1.547,6,306,25635405,8,670207,314,26305612
ORB,11313315,5/15/2018 13:46,37.89316,-121.56765,,,,3.21,,,,,,,,,,,,,,,,,,,,,,,,,,,,,,,,,,,
ORCC,11313250,5/15/2018 14:10,37.82833,-121.55445,2.30,22.76,0.26,2.79,32.13,1.46,3.11,,,11.43,0.57,0.00,2.41,0.070,0.051,0.011,0.006,0.004,0.018,0.016,0.019,0.012,0.506,0.109,0.138,0.172,0.261,0.285,0.100,0.194,0.844,1.620,,,,,,,
VIC,11312672,5/15/2018 14:25,37.84981,-121.54156,,,,2.97,,,,,,,,,,,,,,,,,,,,,,,,,,,,,,,,,,,
VIC,11312672,5/15/2018 14:30,37.87126,-121.53000,,,,3.48,,,,,,,,,,,,,,,,,,,,,,,,,,,,,,,,,,,
MRB,11312674,5/15/2018 14:40,37.89140,-121.48896,1.75,22.75,0.42,3.03,42.83,1.50,1.22,0.70,0.56,0.00,0.00,10.40,4.58,0.146,0.105,0.022,0.011,0.007,0.018,0.017,0.019,0.014,1.449,0.218,0.281,0.442,0.681,0.726,0.253,0.478,0.882,1.556,5,345,63522335,3,552368,348,64074703
UJT4,375519121305201,5/15/2018 14:56,37.91094,-121.51316,,,,3.04,,,,,,,,,,,,,,,,,,,,,,,,,,,,,,,,,,,
ISB,11313300,5/15/2018 15:01,37.86450,-121.57212,,,,3.37,,,,,,,,,,,,,,,,,,,,,,,,,,,,,,,,,,,
UJTP,375621121315301,5/15/2018 15:02,37.93522,-121.52720,,,,3.06,,,,,,,,,,,,,,,,,,,,,,,,,,,,,,,,,,,
MID,375721121314301,5/15/2018 15:09,37.96008,-121.53098,,,,2.92,,,,,,,,,,,,,,,,,,,,,,,,,,,,,,,,,,,
MRH,11312685,5/15/2018 15:17,37.98524,-121.51620,,,,2.64,,,,,,,,,,,,,,,,,,,,,,,,,,,,,,,,,,,
MRH,11312685,5/15/2018 15:25,37.99579,-121.57170,1.59,21.72,0.33,2.68,39.98,1.81,1.35,0.55,0.65,0.00,0.00,5.20,3.94,0.125,0.090,0.019,0.009,0.006,0.018,0.017,0.019,0.014,1.153,0.134,0.209,0.358,0.552,0.580,0.202,0.381,0.887,1.590,5,316,63535592,0,0,316,63535592
MRH FD,11312685,5/15/2018 15:30,37.99579,-121.57170,1.43,21.42,0.36,2.52,38.55,1.70,1.50,0.68,0.64,4.16,0.00,0.00,4.00,0.127,0.091,0.019,0.009,0.006,0.018,0.017,0.019,0.013,1.114,0.098,0.197,0.338,0.533,0.566,0.203,0.373,0.890,1.542,5,327,101149652,0,0,327,101149652
PPT,11313460,5/16/2018 8:55,38.06067,-121.55698,3.85,19.81,0.53,2.33,36.41,1.64,1.90,0.70,1.04,0.00,0.00,10.40,3.03,0.095,0.068,0.014,0.007,0.004,0.018,0.017,0.019,0.015,0.800,0.111,0.158,0.257,0.381,0.401,0.144,0.262,0.868,1.514,5,314,46765532,2,297870,316,47063401
PPT,11313460,5/16/2018 9:05,38.05615,-121.53750,,,,2.39,,,,,,,,,,,,,,,,,,,,,,,,,,,,,,,,,,,
SJRVI,380301121294500,5/16/2018 9:15,38.04265,-121.49749,2.30,20.24,0.34,2.55,34.27,1.45,1.64,,,0.00,0.00,0.00,2.88,0.091,0.066,0.014,0.007,0.004,0.017,0.017,0.018,0.015,0.740,0.119,0.155,0.241,0.366,0.386,0.135,0.252,0.863,1.551,,,,,,,
SJRVI,380301121294500,5/16/2018 9:24,38.03070,-121.47836,,,,3.13,,,,,,,,,,,,,,,,,,,,,,,,,,,,,,,,,,,
TRN,11311300,5/16/2018 9:28,38.00976,-121.45628,,,,3.47,,,,,,,,,,,,,,,,,,,,,,,,,,,,,,,,,,,
TRN,11311300,5/16/2018 9:40,37.99752,-121.44502,2.96,28.47,0.25,3.45,40.69,1.60,1.55,,,0.00,0.00,0.00,2.46,0.075,0.054,0.012,0.006,0.004,0.017,0.017,0.018,0.014,0.559,0.109,0.129,0.196,0.282,0.310,0.110,0.206,0.854,1.557,,,,,,,
TRN,11311300,5/16/2018 9:50,37.99369,-121.43651,,,,3.86,,,,,,,,,,,,,,,,,,,,,,,,,,,,,,,,,,,
SJRTIDE,375950121250600,5/16/2018 9:53,37.99370,-121.41235,,,,4.08,,,,,,,,,,,,,,,,,,,,,,,,,,,,,,,,,,,
SJRBC,375831121223701,5/16/2018 10:00,37.97500,-121.37838,3.14,37.79,0.29,4.16,50.69,2.31,1.83,1.26,0.66,5.35,0.00,0.00,2.43,0.070,0.051,0.011,0.005,0.003,0.018,0.017,0.018,0.015,0.526,0.096,0.127,0.183,0.268,0.299,0.103,0.197,0.846,1.558,5,323,25467853,129,10171372,452,35639225
SJRBC FD,375831121223701,5/16/2018 10:05,37.97500,-121.37838,2.86,37.41,0.29,4.17,49.26,2.30,1.70,1.32,0.75,87.83,10.81,0.00,2.40,0.070,0.051,0.011,0.005,0.003,0.018,0.017,0.018,0.014,0.512,0.150,0.132,0.184,0.267,0.299,0.105,0.201,0.836,1.575,5,309,46020858,13,1936153,322,47957010
GBR,11304810,5/16/2018 10:45,37.93093,-121.32769,,,,1.96,,,,,,,,,,,,,,,,,,,,,,,,,,,,,,,,,,,
SJRST,375649121202101,5/16/2018 10:58,37.94722,-121.33854,4.45,,,3.40,,,,,,,,,,,,,,,,,,,,,,,,,,,,,,,,,,,
SJRATH,375719121205401,5/16/2018 11:04,37.96057,-121.36172,,,,5.20,,,,,,,,,,,,,,,,,,,,,,,,,,,,,,,,,,,
LIGHT40,11311150,5/16/2018 11:18,37.98270,-121.38719,,,,4.16,,,,,,,,,,,,,,,,,,,,,,,,,,,,,,,,,,,
SJRTIDE,375950121250600,5/16/2018 11:21,37.99373,-121.41069,,,,3.86,,,,,,,,,,,,,,,,,,,,,,,,,,,,,,,,,,,
SJRTIDE,375950121250600,5/16/2018 11:28,38.01432,-121.38454,,,,3.79,,,,,,,,,,,,,,,,,,,,,,,,,,,,,,,,,,,
14MILE,380232121241801,5/16/2018 11:35,38.04188,-121.40487,0.36,1.43,0.04,2.87,18.56,3.33,1.70,2.16,1.01,0.00,0.00,0.00,4.01,0.125,0.090,0.019,0.009,0.006,0.018,0.017,0.018,0.015,0.972,0.127,0.220,0.330,0.484,0.485,0.171,0.320,0.863,1.545,5,370,148785880,2,804248,372,149590128
14MILE,380232121241801,5/16/2018 11:52,38.04101,-121.43571,,,,2.66,,,,,,,,,,,,,,,,,,,,,,,,,,,,,,,,,,,
14MILE,380232121241801,5/16/2018 11:56,38.05146,-121.46299,0.89,,,2.62,,,,,,,,,,,,,,,,,,,,,,,,,,,,,,,,,,,
SJRVI,380301121294500,5/16/2018 12:01,38.04264,-121.49775,,,,2.86,,,,,,,,,,,,,,,,,,,,,,,,,,,,,,,,,,,
LCS,380336121300201,5/16/2018 12:21,38.07621,-121.50143,,,,1.68,,,,,,,,,,,,,,,,,,,,,,,,,,,,,,,,,,,
LPS,11336790,5/16/2018 12:30,38.09618,-121.49534,12.01,12.51,1.35,4.69,,1.51,1.82,,,4.16,0.00,0.00,2.05,0.060,0.044,0.010,0.005,0.003,0.018,0.016,0.018,0.014,0.448,0.088,0.114,0.156,0.220,0.230,0.086,0.154,0.839,1.522,,,,,,,
LPSTERM,11336800,5/16/2018 13:28,38.11383,-121.49780,,,,1.39,,,,,,,,,,,,,,,,,,,,,,,,,,,,,,,,,,,
MD6,380831121301301,5/16/2018 13:40,38.14129,-121.50345,1.95,1.43,0.16,0.95,12.14,1.21,1.40,0.70,0.69,5.35,0.00,0.00,2.08,0.061,0.044,0.010,0.005,0.003,0.018,0.016,0.018,0.013,0.423,0.135,0.118,0.146,0.204,0.223,0.082,0.151,0.814,1.543,5,134,5388462,8,321699,142,5710161
SYC,380831121281201,5/16/2018 13:55,38.14204,-121.47061,0.36,1.43,0.04,0.89,9.99,4.63,1.21,,,3.58,1.56,0.00,2.52,0.072,0.052,0.011,0.006,0.004,0.018,0.017,0.018,0.013,0.527,0.109,0.139,0.193,0.264,0.260,0.094,0.176,0.843,1.558,,,,,,,
SYC,380831121281201,5/16/2018 14:03,38.13958,-121.48311,,,,1.00,,,,,,,,,,,,,,,,,,,,,,,,,,,,,,,,,,,
MD6,380831121301301,5/16/2018 14:09,38.15789,-121.50323,,,,0.64,,,,,,,,,,,,,,,,,,,,,,,,,,,,,,,,,,,
MD6,380831121301301,5/16/2018 14:10,38.16259,-121.49701,,,,0.66,,,,,,,,,,,,,,,,,,,,,,,,,,,,,,,,,,,
HOG,381009121273601,5/16/2018 14:19,38.16931,-121.45674,,,,1.49,,,,,,,,,,,,,,,,,,,,,,,,,,,,,,,,,,,
HOG,381009121273601,5/16/2018 14:22,38.16764,-121.47372,,,,1.71,,,,,,,,,,,,,,,,,,,,,,,,,,,,,,,,,,,
MD6,380831121301301,5/16/2018 14:28,38.18138,-121.48995,,,,0.45,,,,,,,,,,,,,,,,,,,,,,,,,,,,,,,,,,,
MD6,380831121301301,5/16/2018 14:30,38.19280,-121.48096,,,,0.45,,,,,,,,,,,,,,,,,,,,,,,,,,,,,,,,,,,
BEAV,381215121264901,5/16/2018 14:35,38.19471,-121.47635,,,,0.46,,,,,,,,,,,,,,,,,,,,,,,,,,,,,,,,,,,
NEWHOPE,11336680,5/16/2018 14:49,38.21122,-121.49322,,,,0.32,,,,,,,,,,,,,,,,,,,,,,,,,,,,,,,,,,,
NFM,11336685,5/16/2018 15:04,38.22661,-121.50159,,,,0.27,,,,,,,,,,,,,,,,,,,,,,,,,,,,,,,,,,,
NFM,11336685,5/16/2018 15:10,38.22240,-121.50739,1.08,1.43,0.04,0.60,9.28,3.78,2.17,3.07,1.62,52.08,5.98,0.00,2.15,0.063,0.046,0.010,0.005,0.003,0.018,0.016,0.018,0.012,0.420,0.167,0.128,0.154,0.216,0.224,0.080,0.150,0.806,1.524,5,312,59744137,1,191488,313,59935625
NFM,11336685,5/16/2018 15:24,38.20306,-121.51626,,,,0.56,,,,,,,,,,,,,,,,,,,,,,,,,,,,,,,,,,,
NFM,11336685,5/16/2018 15:28,38.18280,-121.52696,,,,0.54,,,,,,,,,,,,,,,,,,,,,,,,,,,,,,,,,,,
NMR,380837121333401,5/16/2018 15:32,38.15950,-121.53450,,,,0.58,,,,,,,,,,,,,,,,,,,,,,,,,,,,,,,,,,,
NMR,380837121333401,5/16/2018 15:40,38.14404,-121.55921,2.32,4.53,0.23,0.80,11.42,1.86,1.53,,,2.19,0.78,1.59,1.92,0.055,0.040,0.009,0.005,0.003,0.018,0.016,0.018,0.012,0.347,0.172,0.108,0.135,0.178,0.181,0.067,0.121,0.805,1.539,,,,,,,
NMR,380837121333401,5/16/2018 15:49,38.12906,-121.57670,,,,1.89,,,,,,,,,,,,,,,,,,,,,,,,,,,,,,,,,,,
GAM,11336930,5/16/2018 16:01,38.11010,-121.58024,,,,2.38,,,,,,,,,,,,,,,,,,,,,,,,,,,,,,,,,,,
SJRT10,380536121342901,5/16/2018 16:09,38.09671,-121.57915,,,,2.15,,,,,,,,,,,,,,,,,,,,,,,,,,,,,,,,,,,
SJRT9,380604121372401,5/16/2018 16:21,38.10346,-121.61432,,,,2.19,,,,,,,,,,,,,,,,,,,,,,,,,,,,,,,,,,,
SJRT8,380542121393501,5/16/2018 16:25,38.08803,-121.63957,,,,2.34,,,,,,,,,,,,,,,,,,,,,,,,,,,,,,,,,,,
SJRT8,380542121393501,5/16/2018 16:30,38.09286,-121.67685,,,,2.16,,,,,,,,,,,,,,,,,,,,,,,,,,,,,,,,,,,
TMS,11337080,5/16/2018 16:35,38.10753,-121.68375,,,,2.15,,,,,,,,,,,,,,,,,,,,,,,,,,,,,,,,,,,
CFL,11455508,5/17/2018 7:56,38.04970,-121.88635,,,,2.19,,,,,,,,,,,,,,,,,,,,,,,,,,,,,,,,,,,
MLD,11185185,5/17/2018 8:15,38.04616,-121.91790,,,,2.23,,,,,,,,,,,,,,,,,,,,,,,,,,,,,,,,,,,
MLD,11185185,5/17/2018 8:22,38.05741,-121.95761,,,,2.26,,,,,,,,,,,,,,,,,,,,,,,,,,,,,,,,,,,
ROE,380354122020601,5/17/2018 8:29,38.06028,-121.99224,,,,2.31,,,,,,,,,,,,,,,,,,,,,,,,,,,,,,,,,,,
ROE,380354122020601,5/17/2018 8:38,38.05914,-122.03163,6.39,,,2.56,,,,,,,,,,,,,,,,,,,,,,,,,,,,,,,,,,,
BENBR,11455780,5/17/2018 9:26,38.10649,-121.71795,7.33,,,2.51,,,,,,,,,,,,,,,,,,,,,,,,,,,,,,,,,,,
GRZ,380631122032201,5/17/2018 9:34,38.06468,-122.10446,5.39,,,2.34,,,,,,,,,,,,,,,,,,,,,,,,,,,,,,,,,,,
GRZ,380631122032201,5/17/2018 9:40,38.08880,-122.07861,2.32,,,2.45,,,,,,,,,,,,,,,,,,,,,,,,,,,,,,,,,,,
GRZ,380631122032201,5/17/2018 9:45,38.10787,-122.05627,1.84,,0.31,2.43,38.55,20.73,10.82,,,163.56,6.18,0.00,3.05,0.101,0.072,0.015,0.007,0.005,0.017,0.017,0.018,0.015,0.946,0.069,0.163,0.284,0.432,0.481,0.186,0.334,0.901,1.552,,,,,,,
UGZ,380756122004201,5/17/2018 10:44,38.12609,-122.05031,,,,2.51,,,,,,,,,,,,,,,,,,,,,,,,,,,,,,,,,,,
UGZ,380756122004201,5/17/2018 10:48,38.12801,-122.01793,,,,2.31,,,,,,,,,,,,,,,,,,,,,,,,,,,,,,,,,,,
UGZ,380756122004201,5/17/2018 10:53,38.10807,-122.01245,,,,2.13,,,,,,,,,,,,,,,,,,,,,,,,,,,,,,,,,,,
UGZ,380756122004201,5/17/2018 10:58,38.08925,-122.00695,,,,2.27,,,,,,,,,,,,,,,,,,,,,,,,,,,,,,,,,,,
MLD,11185185,5/17/2018 11:03,38.07308,-121.97346,2.55,,,2.27,,,,,,,,,,,,,,,,,,,,,,,,,,,,,,,,,,,
MLD,11185185,5/17/2018 11:56,38.06326,-121.95925,,,,2.26,,,,,,,,,,,,,,,,,,,,,,,,,,,,,,,,,,,
MLD,11185185,5/17/2018 12:11,38.04468,-121.91855,4.13,23.44,0.65,2.18,39.26,6.05,5.51,,,0.00,0.00,0.00,2.60,0.081,0.058,0.012,0.006,0.004,0.018,0.017,0.019,0.015,0.691,0.076,0.141,0.222,0.331,0.345,0.125,0.234,0.882,1.537,,,,,,,
CFL,11455508,5/17/2018 12:27,38.04846,-121.88768,,,,2.28,,,,,,,,,,,,,,,,,,,,,,,,,,,,,,,,,,,
CHAIN ISL,380348121511801,5/17/2018 12:31,38.06228,-121.86075,,,,2.30,,,,,,,,,,,,,,,,,,,,,,,,,,,,,,,,,,,
CHAIN ISL,380348121511801,5/17/2018 12:35,38.04645,-121.84396,2.81,,,2.18,,,,,,,,,,,,,,,,,,,,,,,,,,,,,,,,,,,
SJRANT,380118121482301,5/17/2018 12:39,38.02592,-121.82489,,,,2.09,,,,,,,,,,,,,,,,,,,,,,,,,,,,,,,,,,,
SJRANT,380118121482301,5/17/2018 12:44,38.02479,-121.78590,,,,2.07,,,,,,,,,,,,,,,,,,,,,,,,,,,,,,,,,,,
SJRANT,380118121482301,5/17/2018 12:48,38.02776,-121.75397,,,,2.17,,,,,,,,,,,,,,,,,,,,,,,,,,,,,,,,,,,
JPT,11337190,5/17/2018 12:53,38.03426,-121.71315,,,,2.25,,,,,,,,,,,,,,,,,,,,,,,,,,,,,,,,,,,
JPT,11337190,5/17/2018 13:00,38.05307,-121.68944,2.54,19.75,0.54,2.10,33.55,1.79,1.72,0.74,0.78,28.58,2.87,0.00,3.15,0.099,0.071,0.015,0.007,0.005,0.018,0.017,0.019,0.013,0.876,1.015,0.269,0.276,0.415,0.423,0.148,0.282,0.742,1.557,5,348,46646384,4,536165,352,47182549
JPT,11337190,5/17/2018 13:14,38.06921,-121.67693,,,,2.18,,,,,,,,,,,,,,,,,,,,,,,,,,,,,,,,,,,
TMS,11337080,5/17/2018 13:18,38.09634,-121.68557,,,,2.27,,,,,,,,,,,,,,,,,,,,,,,,,,,,,,,,,,,
DEC,11455478,5/17/2018 13:35,38.09417,-121.73630,18.36,20.97,2.29,2.72,50.69,1.71,1.69,,,5.35,0.00,0.00,1.96,0.053,0.038,0.008,0.004,0.002,0.019,0.018,0.019,0.013,0.428,0.083,0.120,0.158,0.225,0.223,0.080,0.148,0.850,1.529,,,,,,,
DEC,11455478,5/17/2018 13:45,38.10821,-121.71443,,,,2.80,,,,,,,,,,,,,,,,,,,,,,,,,,,,,,,,,,,
RIOV,11455420,5/17/2018 14:11,38.14948,-121.68983,,,,2.84,,,,,,,,,,,,,,,,,,,,,,,,,,,,,,,,,,,
CCH,11455350,5/17/2018 14:23,38.18219,-121.66342,,,,2.98,,,,,,,,,,,,,,,,,,,,,,,,,,,,,,,,,,,
CCH,11455350,5/17/2018 14:30,38.19291,-121.65824,15.51,14.90,1.98,3.03,42.12,1.39,1.32,0.78,0.60,32.71,6.18,0.00,2.33,0.064,0.046,0.009,0.004,0.003,0.019,0.018,0.019,0.014,0.514,0.373,0.170,0.197,0.259,0.261,0.094,0.174,0.789,1.583,6,281,20034901,32,2281555,313,22316456
CCH FD,11455350,5/17/2018 14:35,38.19291,-121.65824,14.99,14.42,1.86,2.97,44.98,1.40,1.40,0.79,0.61,0.00,0.00,10.40,2.30,0.064,0.046,0.009,0.004,0.003,0.019,0.018,0.019,0.013,0.519,0.162,0.156,0.190,0.256,0.262,0.095,0.178,0.836,1.559,5,292,16308362,32,1787218,324,18095580
MINER,381410121395801,5/17/2018 14:48,38.24971,-121.65688,,,,2.56,,,,,,,,,,,,,,,,,,,,,,,,,,,,,,,,,,,
LIB,11455315,5/17/2018 15:05,38.24290,-121.68354,12.02,13.06,1.59,3.06,39.26,1.45,1.92,1.13,1.04,0.00,0.00,0.00,2.46,0.068,0.049,0.010,0.005,0.003,0.019,0.018,0.019,0.014,0.554,0.182,0.164,0.203,0.272,0.273,0.100,0.188,0.825,1.623,5,208,22010998,26,2751375,234,24762373
SCC,381533121413201,5/17/2018 15:17,38.26545,-121.69192,,,,3.15,,,,,,,,,,,,,,,,,,,,,,,,,,,,,,,,,,,
SSB,381829121413401,5/17/2018 15:25,38.30791,-121.69302,1.25,1.43,0.14,6.31,27.13,2.64,1.25,,,0.00,0.00,0.00,4.89,0.139,0.100,0.020,0.009,0.006,0.019,0.018,0.019,0.015,1.095,0.175,0.251,0.381,0.552,0.547,0.198,0.367,0.861,1.594,,,,,,,
SHG,11455276,5/17/2018 15:36,38.32518,-121.68485,,,,6.21,,,,,,,,,,,,,,,,,,,,,,,,,,,,,,,,,,,
SS,382010121402301,5/17/2018 15:40,38.33610,-121.67324,1.73,1.43,0.08,5.89,27.13,1.10,1.78,0.54,0.66,0.00,0.00,0.00,4.88,0.139,0.101,0.021,0.010,0.006,0.019,0.017,0.018,0.014,1.102,0.170,0.278,0.382,0.544,0.554,0.205,0.380,0.857,1.564,5,321,47808076,4,595739,325,48403815
LCT,11455146,5/17/2018 15:53,38.33004,-121.66790,,,,4.80,,,,,,,,,,,,,,,,,,,,,,,,,,,,,,,,,,,
PRO,381627121395101,5/17/2018 15:59,38.26978,-121.66854,,,,3.58,,,,,,,,,,,,,,,,,,,,,,,,,,,,,,,,,,,
WSPIER,11447540,7/24/2018 7:10,38.56894,-121.51842,,,,0.73,,,,,,,,,,,,,,,,,,,,,,,,,,,,,,,,,,,
USFPT,382740121301201,7/24/2018 7:48,38.47641,-121.54215,,,,0.91,,,,,,,,,,,,,,,,,,,,,,,,,,,,,,,,,,,
USFPT,382740121301201,7/24/2018 8:00,38.45622,-121.50223,0.88,1.43,0.04,0.85,7.85,2.29,2.30,1.68,1.39,5.91,2.33,0.00,1.79,0.021,0.014,0.002,0.001,0.001,0.024,0.022,0.026,0.010,0.142,0.809,0.191,0.082,0.107,0.100,0.024,0.061,0.260,1.910,5,161,46244260,146,41935789,307,88180049
MILE 44,382605121310401,7/24/2018 8:45,38.43494,-121.51848,,,,1.28,,,,,,,,,,,,,,,,,,,,,,,,,,,,,,,,,,,
MILE 44,382605121310401,7/24/2018 8:51,38.41801,-121.52372,,,,1.54,,,,,,,,,,,,,,,,,,,,,,,,,,,,,,,,,,,
HOOD,382205121311300,7/24/2018 8:55,38.39332,-121.51323,,,,1.91,,,,,,,,,,,,,,,,,,,,,,,,,,,,,,,,,,,
HOOD,382205121311300,7/24/2018 9:05,38.36784,-121.52132,43.58,2.98,0.19,2.84,54.26,1.32,2.06,,,7.88,3.11,0.00,1.65,0.034,0.023,0.004,0.002,0.001,0.022,0.020,0.022,0.010,0.295,0.167,0.103,0.111,0.162,0.174,0.054,0.113,0.753,1.712,,,,,,,
GREENS,11447810,7/24/2018 9:25,38.34938,-121.53576,,,,2.32,,,,,,,,,,,,,,,,,,,,,,,,,,,,,,,,,,,
GREENS,11447810,7/24/2018 9:36,38.32735,-121.57566,,,,2.13,,,,,,,,,,,,,,,,,,,,,,,,,,,,,,,,,,,
COURTLAND,381756121340200,7/24/2018 9:43,38.30373,-121.57239,,,,2.14,,,,,,,,,,,,,,,,,,,,,,,,,,,,,,,,,,,
MILE30,381703121331101,7/24/2018 9:47,38.28158,-121.54860,,,,2.00,,,,,,,,,,,,,,,,,,,,,,,,,,,,,,,,,,,
WGA,11447890,7/24/2018 9:52,38.25778,-121.51722,27.13,1.43,0.30,1.94,39.26,1.16,1.82,0.92,1.17,0.00,0.00,0.00,1.63,0.032,0.022,0.004,0.002,0.001,0.022,0.020,0.023,0.010,0.278,0.150,0.092,0.102,0.151,0.160,0.049,0.102,0.730,1.733,5,186,29918026,128,20588749,314,50506774
GSL,11447903,7/24/2018 10:15,38.23641,-121.51741,,,,1.97,,,,,,,,,,,,,,,,,,,,,,,,,,,,,,,,,,,
GSL,11447903,7/24/2018 10:19,38.22362,-121.53887,,,,1.66,,,,,,,,,,,,,,,,,,,,,,,,,,,,,,,,,,,
GSL,11447903,7/24/2018 10:25,38.20096,-121.54317,,,,1.99,,,,,,,,,,,,,,,,,,,,,,,,,,,,,,,,,,,
GSL,11447903,7/24/2018 10:30,38.18196,-121.57149,,,,2.33,,,,,,,,,,,,,,,,,,,,,,,,,,,,,,,,,,,
NMR,380837121333401,7/24/2018 10:40,38.16098,-121.58514,,,,2.31,,,,,,,,,,,,,,,,,,,,,,,,,,,,,,,,,,,
NMR,380837121333401,7/24/2018 10:55,38.14523,-121.60100,,,,1.96,,,,,,,,,,,,,,,,,,,,,,,,,,,,,,,,,,,
GAM,380749121344701,7/24/2018 11:08,38.13012,-121.57953,19.72,7.10,1.07,1.96,37.12,1.06,0.93,,,0.00,0.00,0.00,1.79,0.035,0.024,0.004,0.002,0.001,0.021,0.019,0.023,0.011,0.301,0.165,0.104,0.117,0.167,0.171,0.052,0.113,0.740,1.653,,,,,,,
GAM,380749121344701,7/24/2018 11:43,38.11468,-121.58446,19.11,,,1.84,,,,,,,,,,,,,,,,,,,,,,,,,,,,,,,,,,,
SJRT10,380536121342901,7/24/2018 11:49,38.09596,-121.56653,14.39,,,1.86,,,,,,,,,,,,,,,,,,,,,,,,,,,,,,,,,,,
WEBB,380433121341501,7/24/2018 11:54,38.07053,-121.56198,13.21,,,1.93,,,,,,,,,,,,,,,,,,,,,,,,,,,,,,,,,,,
PPT,11313460,7/24/2018 12:01,38.05446,-121.53522,1.25,,,1.98,,,,,,,,,,,,,,,,,,,,,,,,,,,,,,,,,,,
MRH,11312685,7/24/2018 12:05,38.03440,-121.52427,1.17,,,2.04,,,,,,,,,,,,,,,,,,,,,,,,,,,,,,,,,,,
MRH,11312685,7/24/2018 12:08,38.02103,-121.51732,1.40,,,2.03,,,,,,,,,,,,,,,,,,,,,,,,,,,,,,,,,,,
MRH,11312685,7/24/2018 12:15,37.99620,-121.51141,0.88,11.28,0.39,2.14,24.27,5.62,1.56,3.60,0.51,22.86,2.29,0.00,2.21,0.062,0.044,0.009,0.004,0.003,0.019,0.017,0.019,0.013,0.561,0.117,0.119,0.177,0.262,0.283,0.105,0.194,0.863,1.530,5,350,234572333,1,670207,351,235242540
MRH FD,11312685,7/24/2018 12:20,37.99620,-121.51141,0.36,11.85,0.04,2.23,24.99,5.40,1.40,3.47,0.58,15.37,2.70,0.00,2.20,0.062,0.044,0.009,0.004,0.003,0.019,0.017,0.019,0.013,0.562,0.105,0.128,0.179,0.268,0.286,0.107,0.194,0.867,1.545,5,418,240125474,3,1723389,421,241848863
MID,375721121314301,7/24/2018 13:29,37.97154,-121.51886,,,,2.32,,,,,,,,,,,,,,,,,,,,,,,,,,,,,,,,,,,
MID,375721121314301,7/24/2018 13:43,37.95118,-121.52524,,,,2.34,,,,,,,,,,,,,,,,,,,,,,,,,,,,,,,,,,,
MID,375721121314301,7/24/2018 13:48,37.94445,-121.53058,,,,2.35,,,,,,,,,,,,,,,,,,,,,,,,,,,,,,,,,,,
UJTP,375621121315301,7/24/2018 14:01,37.92095,-121.51748,,,,2.29,,,,,,,,,,,,,,,,,,,,,,,,,,,,,,,,,,,
MRB,11312674,7/24/2018 14:07,37.90920,-121.50836,,,,2.28,,,,,,,,,,,,,,,,,,,,,,,,,,,,,,,,,,,
MRB,11312674,7/24/2018 14:15,37.89140,-121.48896,1.15,9.67,0.31,2.21,22.84,,2.32,1.66,0.88,14.29,1.15,0.00,2.59,0.074,0.053,0.011,0.005,0.003,0.019,0.017,0.020,0.012,0.717,0.204,0.145,0.222,0.336,0.372,0.138,0.256,0.861,1.518,5,331,266206088,2,1608496,333,267814584
VIC,11312672,7/24/2018 15:52,37.87783,-121.51669,,,,2.21,,,,,,,,,,,,,,,,,,,,,,,,,,,,,,,,,,,
VIC,11312672,7/24/2018 15:58,37.86214,-121.55296,,,,2.15,,,,,,,,,,,,,,,,,,,,,,,,,,,,,,,,,,,
VIC,11312672,7/24/2018 16:03,37.84344,-121.53763,,,,2.54,,,,,,,,,,,,,,,,,,,,,,,,,,,,,,,,,,,
ORCC,11313250,7/24/2018 16:10,37.82833,-121.55445,0.91,5.93,0.14,2.36,19.99,5.77,2.00,,,9.85,3.11,0.00,2.55,0.073,0.052,0.011,0.005,0.003,0.019,0.017,0.020,0.012,0.673,0.214,0.153,0.212,0.315,0.338,0.126,0.236,0.855,1.572,,,,,,,
ORCC,11313250,7/24/2018 16:22,37.85284,-121.56199,,,,2.40,,,,,,,,,,,,,,,,,,,,,,,,,,,,,,,,,,,
ORB,11313315,7/24/2018 16:27,37.88145,-121.57462,,,,2.56,,,,,,,,,,,,,,,,,,,,,,,,,,,,,,,,,,,
ORI,11313325,7/24/2018 16:40,37.91315,-121.56391,0.89,3.51,0.10,2.22,15.71,5.10,1.73,3.10,0.78,11.63,2.91,0.00,2.35,0.067,0.048,0.010,0.005,0.003,0.019,0.017,0.019,0.011,0.549,0.100,0.131,0.187,0.263,0.278,0.103,0.193,0.860,1.531,5,339,272640072,2,1608496,341,274248568
ORI,11313325,7/24/2018 16:50,37.93213,-121.55700,,,,2.15,,,,,,,,,,,,,,,,,,,,,,,,,,,,,,,,,,,
ORI,11313325,7/24/2018 17:27,37.94726,-121.56895,,,,2.12,,,,,,,,,,,,,,,,,,,,,,,,,,,,,,,,,,,
OLD,11313405,7/24/2018 17:30,37.96756,-121.57324,0.85,1.43,0.09,2.13,14.28,3.65,1.17,,,1.79,0.78,0.00,2.37,0.067,0.049,0.011,0.005,0.003,0.019,0.016,0.019,0.012,0.518,0.168,0.141,0.176,0.240,0.252,0.098,0.176,0.826,1.558,,,,,,,
HOL,11313431,7/24/2018 17:42,37.98812,-121.58121,,,,2.17,,,,,,,,,,,,,,,,,,,,,,,,,,,,,,,,,,,
ORF,380300121344801,7/24/2018 17:46,38.01477,-121.58167,,,,2.19,,,,,,,,,,,,,,,,,,,,,,,,,,,,,,,,,,,
ORF,380300121344801,7/24/2018 17:55,38.04335,-121.57552,0.83,4.24,0.23,2.05,14.28,0.05,2.99,1.75,0.46,6.30,1.35,0.00,2.25,0.064,0.047,0.011,0.005,0.004,0.018,0.016,0.018,0.012,0.474,0.065,0.125,0.164,0.225,0.230,0.090,0.165,0.853,1.553,5,591,475310568,0,0,591,475310568
WEBB,380433121341501,7/24/2018 18:20,38.07798,-121.57087,,,,1.99,,,,,,,,,,,,,,,,,,,,,,,,,,,,,,,,,,,
PPT,11313460,7/25/2018 7:20,38.06067,-121.55698,3.05,17.01,0.90,1.91,25.70,4.73,2.24,5.25,1.39,11.63,2.91,0.00,1.91,0.048,0.034,0.007,0.003,0.002,0.020,0.018,0.018,0.012,0.400,0.132,0.101,0.150,0.197,0.204,0.078,0.141,0.822,1.570,5,305,102206517,9,3015930,314,105222447
SJRVI,380301121294500,7/25/2018 7:39,38.05427,-121.51984,,,,1.85,,,,,,,,,,,,,,,,,,,,,,,,,,,,,,,,,,,
SJRVI,380301121294500,7/25/2018 7:40,38.04265,-121.49749,1.05,12.40,0.72,1.80,22.84,9.47,2.96,,,24.38,6.02,0.00,2.14,0.057,0.041,0.008,0.004,0.003,0.019,0.018,0.018,0.013,0.494,0.148,0.125,0.178,0.243,0.257,0.099,0.180,0.843,1.559,,,,,,,
SJRVI,380301121294500,7/25/2018 8:00,38.03014,-121.47724,,,,1.89,,,,,,,,,,,,,,,,,,,,,,,,,,,,,,,,,,,
LIGHT40,11311150,7/25/2018 8:04,38.00982,-121.45662,,,,2.77,,,,,,,,,,,,,,,,,,,,,,,,,,,,,,,,,,,
TRN,11311300,7/25/2018 8:10,37.99752,-121.44502,1.31,17.37,0.32,3.35,32.84,3.89,2.08,,,8.16,0.57,0.00,2.71,0.077,0.055,0.011,0.005,0.003,0.019,0.018,0.019,0.015,0.762,0.171,0.138,0.235,0.357,0.384,0.146,0.267,0.870,1.564,,,,,,,
SJRBC,375831121223701,7/25/2018 8:22,37.99549,-121.41958,,,,5.41,,,,,,,,,,,,,,,,,,,,,,,,,,,,,,,,,,,
SJRBC,375831121223701,7/25/2018 9:06,37.92989,-121.32761,2.98,69.18,0.68,9.34,94.95,,,,,,,,,,,,,,,,,,,,,,,,,,,,,,,,,,
SJRBC,375831121223701,7/25/2018 9:26,37.94698,-121.33896,,,,20.06,,,,,,,,,,,,,,,,,,,,,,,,,,,,,,,,,,,
SJRATH,375719121205401,7/25/2018 9:35,37.95892,-121.35937,,,,19.70,,,,,,,,,,,,,,,,,,,,,,,,,,,,,,,,,,,
SJRBC,375831121223701,7/25/2018 9:40,37.97500,-121.37838,3.12,73.90,0.72,10.16,103.52,4.44,2.00,3.39,0.72,17.15,1.72,0.00,3.66,0.099,0.070,0.014,0.006,0.004,0.019,0.018,0.019,0.014,0.967,0.247,0.210,0.345,0.515,0.527,0.186,0.359,0.855,1.637,5,315,211115100,0,0,315,211115100
SJRBC FD,375831121223701,7/25/2018 9:45,37.97500,-121.37838,3.57,94.23,1.00,13.30,121.36,4.10,1.90,1.99,0.59,7.69,1.35,0.00,3.50,0.098,0.070,0.014,0.006,0.004,0.019,0.018,0.019,0.015,0.971,0.113,0.203,0.346,0.510,0.528,0.188,0.358,0.875,1.650,5,321,258163608,0,0,321,258163608
SJRTIDE,375950121250600,7/25/2018 10:32,37.99252,-121.40816,,,,9.42,,,,,,,,,,,,,,,,,,,,,,,,,,,,,,,,,,,
14MILE,380232121241801,7/25/2018 10:44,38.01064,-121.38977,,,,6.33,,,,,,,,,,,,,,,,,,,,,,,,,,,,,,,,,,,
14MILE,380232121241801,7/25/2018 10:50,38.03008,-121.40503,,,,3.98,,,,,,,,,,,,,,,,,,,,,,,,,,,,,,,,,,,
14MILE,380232121241801,7/25/2018 10:59,38.04133,-121.42595,,,,1.99,,,,,,,,,,,,,,,,,,,,,,,,,,,,,,,,,,,
14MILE,380232121241801,7/25/2018 11:04,38.04792,-121.45489,,,,1.63,,,,,,,,,,,,,,,,,,,,,,,,,,,,,,,,,,,
14MILE,380232121241801,7/25/2018 11:09,38.03952,-121.48173,,,,1.85,,,,,,,,,,,,,,,,,,,,,,,,,,,,,,,,,,,
LCS,380336121300201,7/25/2018 11:16,38.05532,-121.50135,,,,1.52,,,,,,,,,,,,,,,,,,,,,,,,,,,,,,,,,,,
LPS,11336790,7/25/2018 11:40,38.09618,-121.49534,0.36,10.18,0.95,1.51,21.42,11.89,4.66,,,18.21,12.49,0.00,1.95,0.051,0.036,0.007,0.003,0.002,0.019,0.017,0.019,0.014,0.472,0.087,0.102,0.162,0.227,0.251,0.098,0.176,0.868,1.593,,,,,,,
LPSTERM,11336800,7/25/2018 12:18,38.11972,-121.49595,,,,1.56,,,,,,,,,,,,,,,,,,,,,,,,,,,,,,,,,,,
MD6,380831121301301,7/25/2018 12:30,38.14129,-121.50345,2.38,12.09,1.50,1.49,25.70,8.04,3.94,5.45,2.26,12.21,8.19,0.00,2.07,0.050,0.036,0.007,0.003,0.002,0.019,0.018,0.019,0.013,0.480,0.080,0.105,0.167,0.226,0.256,0.096,0.179,0.873,1.633,5,283,113801092,27,10857348,310,124658440
SYC,380831121281201,7/25/2018 12:44,38.14202,-121.47464,,,,0.40,,,,,,,,,,,,,,,,,,,,,,,,,,,,,,,,,,,
SYC,380831121281201,7/25/2018 12:50,38.14204,-121.47061,0.36,1.43,0.04,0.35,11.42,9.56,5.51,,,14.57,12.49,0.00,2.40,0.069,0.051,0.012,0.006,0.004,0.017,0.016,0.016,0.013,0.512,0.125,0.137,0.198,0.258,0.256,0.110,0.194,0.840,1.531,,,,,,,
HOG,381009121273601,7/25/2018 13:13,38.16223,-121.49746,,,,1.75,,,,,,,,,,,,,,,,,,,,,,,,,,,,,,,,,,,
HOG,381009121273601,7/25/2018 13:18,38.16820,-121.46779,,,,1.20,,,,,,,,,,,,,,,,,,,,,,,,,,,,,,,,,,,
NEWHOPE,11336680,7/25/2018 13:40,38.19025,-121.48238,,,,1.97,,,,,,,,,,,,,,,,,,,,,,,,,,,,,,,,,,,
NFM,11336685,7/25/2018 14:25,38.22240,-121.50739,17.31,5.55,0.77,1.75,31.41,2.40,1.61,1.85,1.48,0.19,1.76,0.00,1.66,0.035,0.025,0.004,0.002,0.001,0.021,0.019,0.020,0.013,0.280,0.137,0.086,0.111,0.150,0.152,0.052,0.104,0.804,1.620,5,236,33893309,64,9191406,300,43084714
NFM,11336685,7/25/2018 15:13,38.20239,-121.51271,,,,1.85,,,,,,,,,,,,,,,,,,,,,,,,,,,,,,,,,,,
NFM,11336685,7/25/2018 15:18,38.18285,-121.52696,,,,1.85,,,,,,,,,,,,,,,,,,,,,,,,,,,,,,,,,,,
NMR,380837121333401,7/25/2018 15:23,38.15499,-121.53598,,,,2.27,,,,,,,,,,,,,,,,,,,,,,,,,,,,,,,,,,,
NMR,380837121333401,7/25/2018 15:30,38.14404,-121.55921,21.89,7.77,1.04,2.28,38.55,1.74,0.97,,,3.75,0.00,0.00,1.65,0.036,0.026,0.005,0.002,0.001,0.020,0.019,0.020,0.012,0.285,0.081,0.077,0.110,0.151,0.160,0.055,0.106,0.833,1.631,,,,,,,
NMR,380837121333401,7/25/2018 15:42,38.13087,-121.57394,,,,2.05,,,,,,,,,,,,,,,,,,,,,,,,,,,,,,,,,,,
MOK,11336930,7/25/2018 16:00,38.10860,-121.57629,15.50,9.09,1.44,1.97,34.98,1.54,1.06,0.79,0.42,0.00,0.00,0.00,1.71,0.041,0.029,0.006,0.003,0.002,0.020,0.018,0.019,0.013,0.307,0.106,0.085,0.109,0.160,0.169,0.064,0.115,0.831,1.625,5,175,50265500,133,38201780,308,88467280
LIB,11455315,7/26/2018 7:54,38.23257,-121.67560,,,,2.43,,,,,,,,,,,,,,,,,,,,,,,,,,,,,,,,,,,
LIB,11455315,7/26/2018 8:00,38.24290,-121.68354,7.18,10.43,1.53,2.47,27.13,2.02,1.43,1.28,0.55,0.00,0.98,2.45,2.03,0.048,0.033,0.006,0.003,0.002,0.020,0.019,0.020,0.013,0.419,0.112,0.118,0.142,0.208,0.215,0.073,0.144,0.794,1.598,5,306,82033296,13,3485075,319,85518371
SCC,381533121413201,7/26/2018 8:12,38.26545,-121.69192,,,,2.98,,,,,,,,,,,,,,,,,,,,,,,,,,,,,,,,,,,
SSB,381829121413401,7/26/2018 8:15,38.28878,-121.69290,,,,6.10,,,,,,,,,,,,,,,,,,,,,,,,,,,,,,,,,,,
SSB,381829121413401,7/26/2018 8:20,38.30791,-121.69302,0.88,1.43,0.04,7.54,19.28,1.65,1.54,,,0.00,16.94,169.11,4.18,0.111,0.079,0.016,0.007,0.004,0.019,0.018,0.019,0.015,0.966,0.109,0.194,0.309,0.454,0.500,0.185,0.349,0.864,1.597,,,,,,,
SHG,11455276,7/26/2018 8:31,38.32518,-121.68485,,,,7.60,,,,,,,,,,,,,,,,,,,,,,,,,,,,,,,,,,,
SS,382010121402301,7/26/2018 8:40,38.33610,-121.67324,0.74,1.43,0.04,6.28,17.13,1.65,1.45,0.54,0.35,11.24,0.00,0.00,3.92,0.109,0.080,0.017,0.008,0.006,0.018,0.017,0.018,0.013,0.872,0.290,0.206,0.280,0.402,0.450,0.175,0.315,0.835,1.567,5,324,186125966,3,1723389,327,187849354
LCT,11455146,7/26/2018 8:50,38.31632,-121.66736,,,,6.23,,,,,,,,,,,,,,,,,,,,,,,,,,,,,,,,,,,
LHTSE,11455167,7/26/2018 8:53,38.29400,-121.66724,,,,5.26,,,,,,,,,,,,,,,,,,,,,,,,,,,,,,,,,,,
LHTSE,11455167,7/26/2018 8:57,38.26492,-121.67042,,,,3.33,,,,,,,,,,,,,,,,,,,,,,,,,,,,,,,,,,,
LIB,11455315,7/26/2018 9:01,38.23856,-121.68357,,,,3.16,,,,,,,,,,,,,,,,,,,,,,,,,,,,,,,,,,,
CCH,11455350,7/26/2018 9:05,38.19291,-121.65824,5.95,9.08,1.23,2.53,25.70,2.13,1.91,1.37,0.80,4.68,0.00,0.00,1.91,0.050,0.035,0.007,0.004,0.003,0.019,0.017,0.018,0.010,0.390,0.080,0.110,0.139,0.195,0.205,0.073,0.139,0.831,1.554,5,308,103211827,23,7707377,331,110919203
CCH FD,11455350,7/26/2018 9:10,38.19291,-121.65824,7.14,9.85,1.36,2.49,27.84,2.00,2.00,1.22,0.83,0.00,0.00,0.00,1.90,0.050,0.035,0.007,0.004,0.003,0.019,0.017,0.018,0.011,0.395,0.084,0.107,0.135,0.195,0.205,0.076,0.140,0.832,1.603,5,282,113398968,18,7238232,300,120637200
CCH,11455350,7/26/2018 9:23,38.18618,-121.66189,,,,2.31,,,,,,,,,,,,,,,,,,,,,,,,,,,,,,,,,,,
CCH,11455350,7/26/2018 9:27,38.16033,-121.68352,,,,2.27,,,,,,,,,,,,,,,,,,,,,,,,,,,,,,,,,,,
RIOV,11455420,7/26/2018 9:30,38.13820,-121.69222,,,,2.15,,,,,,,,,,,,,,,,,,,,,,,,,,,,,,,,,,,
DEC,11455478,7/26/2018 9:33,38.11756,-121.70444,,,,2.10,,,,,,,,,,,,,,,,,,,,,,,,,,,,,,,,,,,
DEC,11455478,7/26/2018 9:40,38.09417,-121.73630,8.23,11.15,1.34,1.96,28.56,20.42,5.38,,,28.36,17.93,0.00,1.73,0.047,0.033,0.007,0.004,0.003,0.019,0.017,0.017,0.010,0.347,0.065,0.093,0.121,0.177,0.182,0.068,0.125,0.835,1.536,,,,,,,
DEC,11455478,7/26/2018 9:58,38.07716,-121.76748,,,,1.76,,,,,,,,,,,,,,,,,,,,,,,,,,,,,,,,,,,
PTSAC,380345121491401,7/26/2018 10:02,38.06140,-121.79810,,,,1.67,,,,,,,,,,,,,,,,,,,,,,,,,,,,,,,,,,,
PTSAC,380345121491401,7/26/2018 10:06,38.06526,-121.83371,,,,2.09,,,,,,,,,,,,,,,,,,,,,,,,,,,,,,,,,,,
CFL,11455508,7/26/2018 10:26,38.04487,-121.90847,,,,2.42,,,,,,,,,,,,,,,,,,,,,,,,,,,,,,,,,,,
MLD,11185185,7/26/2018 10:30,38.04418,-121.91999,2.08,17.21,0.63,2.32,29.27,3.94,2.66,4.31,1.71,2157.33,77.52,0.00,2.17,0.063,0.045,0.010,0.005,0.004,0.018,0.016,0.017,0.011,0.478,0.114,0.113,0.167,0.226,0.239,0.092,0.169,0.844,1.523,5,326,187274891,3,1723389,329,188998280
CFL,11455508,7/26/2018 10:54,38.05813,-121.95479,,,,2.38,,,,,,,,,,,,,,,,,,,,,,,,,,,,,,,,,,,
SFDUT,380336121584801,7/26/2018 11:01,38.05972,-122.00192,,,,2.63,,,,,,,,,,,,,,,,,,,,,,,,,,,,,,,,,,,
ROE,380354122020601,7/26/2018 11:05,38.06437,-122.02452,,,,2.78,,,,,,,,,,,,,,,,,,,,,,,,,,,,,,,,,,,
SFAVON,380254122054801,7/26/2018 11:10,38.06351,-122.06278,,,,2.81,,,,,,,,,,,,,,,,,,,,,,,,,,,,,,,,,,,
BENBR,11455780,7/26/2018 11:20,38.04670,-122.10912,23.92,25.77,0.54,3.21,39.26,,,,,,,,,,,,,,,,,,,,,,,,,,,,,,,,,,
GRZ,380631122032201,7/26/2018 11:47,38.09556,-122.06762,,,,3.40,,,,,,,,,,,,,,,,,,,,,,,,,,,,,,,,,,,
GRZ,380631122032201,7/26/2018 11:50,38.10787,-122.05627,22.09,25.69,0.48,3.40,40.69,2.85,3.51,,,25.62,1.35,0.00,2.33,0.070,0.050,0.011,0.006,0.004,0.018,0.017,0.017,0.012,0.565,0.042,0.108,0.182,0.267,0.270,0.105,0.192,0.870,1.543,,,,,,,
GRZ,380631122032201,7/26/2018 12:19,38.12079,-122.05388,,,,3.15,,,,,,,,,,,,,,,,,,,,,,,,,,,,,,,,,,,
GRZ,380631122032201,7/26/2018 12:24,38.13165,-122.02682,,,,3.44,,,,,,,,,,,,,,,,,,,,,,,,,,,,,,,,,,,
GRZSIM,380724121593001,7/26/2018 12:26,38.12894,-122.01797,,,,3.53,,,,,,,,,,,,,,,,,,,,,,,,,,,,,,,,,,,
GRZSIM,380724121593001,7/26/2018 12:29,38.11568,-122.01224,,,,3.28,,,,,,,,,,,,,,,,,,,,,,,,,,,,,,,,,,,
GRZBUCK,380605122012101,7/26/2018 12:35,38.09895,-122.02895,,,,3.05,,,,,,,,,,,,,,,,,,,,,,,,,,,,,,,,,,,
SNAG,380414121580401,7/26/2018 12:42,38.08092,-121.98344,,,,3.03,,,,,,,,,,,,,,,,,,,,,,,,,,,,,,,,,,,
SNAG,380414121580401,7/26/2018 12:46,38.07069,-121.95718,,,,2.80,,,,,,,,,,,,,,,,,,,,,,,,,,,,,,,,,,,
HONK,380408121560801,7/26/2018 12:50,38.06862,-121.93332,,,,2.67,,,,,,,,,,,,,,,,,,,,,,,,,,,,,,,,,,,
SIM,11455530,7/26/2018 13:14,38.05845,-121.96368,,,,2.56,,,,,,,,,,,,,,,,,,,,,,,,,,,,,,,,,,,
MLD,11185185,7/26/2018 13:18,38.04883,-121.93195,,,,2.67,,,,,,,,,,,,,,,,,,,,,,,,,,,,,,,,,,,
CFL,11455508,7/26/2018 13:25,38.04931,-121.88747,1.65,19.22,0.47,2.44,30.70,3.89,3.15,,,10.37,1.56,0.00,2.02,0.057,0.040,0.009,0.004,0.003,0.019,0.017,0.017,0.011,0.462,0.046,0.105,0.158,0.227,0.231,0.087,0.166,0.863,1.579,,,,,,,
BROWN,380232121521601,7/26/2018 13:40,38.03162,-121.86501,,,,2.36,,,,,,,,,,,,,,,,,,,,,,,,,,,,,,,,,,,
SJRANT,380118121482301,7/26/2018 13:44,38.02767,-121.83219,,,,2.17,,,,,,,,,,,,,,,,,,,,,,,,,,,,,,,,,,,
SJRANT,380118121482301,7/26/2018 13:48,38.02314,-121.80054,,,,2.12,,,,,,,,,,,,,,,,,,,,,,,,,,,,,,,,,,,
SJRANT,380118121482301,7/26/2018 13:53,38.02805,-121.75918,,,,1.99,,,,,,,,,,,,,,,,,,,,,,,,,,,,,,,,,,,
SJRT6,380205121424501,7/26/2018 13:57,38.03138,-121.72639,,,,1.87,,,,,,,,,,,,,,,,,,,,,,,,,,,,,,,,,,,
JPT,11337190,7/26/2018 14:05,38.05307,-121.68944,0.36,8.62,0.46,1.88,17.13,11.85,3.12,11.40,2.10,230.56,32.44,1760.16,1.92,0.050,0.036,0.007,0.004,0.003,0.020,0.017,0.018,0.011,0.407,0.132,0.108,0.147,0.200,0.199,0.072,0.140,0.830,1.620,5,305,122647820,8,3216992,313,125864812
JPT,11337190,7/26/2018 14:38,38.04239,-121.79118,,,,1.76,,,,,,,,,,,,,,,,,,,,,,,,,,,,,,,,,,,
DEC,11455478,10/17/2018 9:07,38.09417,-121.73630,7.96,25.05,1.54,2.52,39.26,2.09,2.55,,,6.57,1.56,0.00,2.21,0.049,0.034,0.007,0.003,0.002,0.022,0.018,0.019,0.009,0.369,0.238,0.175,0.170,0.188,0.190,0.069,0.128,0.706,1.617,5,228,18336854,44,3538691,272,21875546
DEC,11455478,10/17/2018 9:26,38.07722,-121.76674,,,,2.62,,,,,,,,,,,,,,,,,,,,,,,,,,,,,,,,,,,
PTSAC,380345121491401,10/17/2018 9:31,38.06196,-121.79619,,,,2.47,,,,,,,,,,,,,,,,,,,,,,,,,,,,,,,,,,,
PTSAC,380345121491401,10/17/2018 9:36,38.06504,-121.82985,,,,2.53,,,,,,,,,,,,,,,,,,,,,,,,,,,,,,,,,,,
CFL,11455508,10/17/2018 9:42,38.05828,-121.87000,,,,2.60,,,,,,,,,,,,,,,,,,,,,,,,,,,,,,,,,,,
CFL,11455508,10/17/2018 9:45,38.04931,-121.88747,11.55,22.20,0.74,2.67,34.98,1.55,1.15,0.81,0.68,5.35,0.00,0.00,2.01,0.054,0.039,0.008,0.004,0.003,0.019,0.017,0.017,0.009,0.434,0.067,0.109,0.157,0.220,0.217,0.082,0.152,0.838,1.555,5,228,18336854,0,0,228,18336854
MAL,381142122015801,10/17/2018 10:37,38.04468,-121.91855,20.95,20.75,0.65,2.72,37.84,1.48,0.93,,,0.00,0.98,0.00,1.98,0.053,0.038,0.008,0.004,0.003,0.019,0.017,0.018,0.010,0.431,0.081,0.116,0.162,0.221,0.216,0.081,0.150,0.833,1.585,5,311,138956182,2,893609,313,139849791
SFDUT,380336121584801,10/17/2018 10:54,38.05649,-121.95745,,,,2.91,,,,,,,,,,,,,,,,,,,,,,,,,,,,,,,,,,,
ROE,380354122020601,10/17/2018 11:00,38.05990,-122.00251,,,,2.90,,,,,,,,,,,,,,,,,,,,,,,,,,,,,,,,,,,
ROE,380354122020601,10/17/2018 11:04,38.06353,-122.03245,,,,2.96,,,,,,,,,,,,,,,,,,,,,,,,,,,,,,,,,,,
NAV,11455760,10/17/2018 11:11,38.06292,-122.06223,,,,3.09,,,,,,,,,,,,,,,,,,,,,,,,,,,,,,,,,,,
SFAVON,380254122054801,10/17/2018 11:16,38.05106,-122.09394,45.35,23.45,1.03,3.23,58.54,,,,,,,,,,,,,,,,,,,,,,,,,,,,,,,,,,
BENBR,11455780,10/17/2018 11:20,38.04722,-122.11201,,,,3.08,,,,,,,,,,,,,,,,,,,,,,,,,,,,,,,,,,,
GOOD,380447122045401,10/17/2018 11:46,38.07112,-122.09077,,,,3.07,,,,,,,,,,,,,,,,,,,,,,,,,,,,,,,,,,,
GOOD,380447122045401,10/17/2018 11:50,38.09123,-122.07374,,,,3.03,,,,,,,,,,,,,,,,,,,,,,,,,,,,,,,,,,,
GRZ,380631122032201,10/17/2018 11:55,38.10787,-122.05627,25.37,21.95,0.63,2.91,38.55,1.48,0.67,,,0.00,0.00,5.20,2.06,0.053,0.037,0.008,0.004,0.003,0.019,0.017,0.018,0.010,0.428,0.074,0.110,0.159,0.219,0.211,0.081,0.143,0.837,1.559,5,314,210444893,0,0,314,210444893
UGZ,380756122004201,10/17/2018 12:18,38.12654,-122.03293,,,,2.92,,,,,,,,,,,,,,,,,,,,,,,,,,,,,,,,,,,
GRZBUCK,380605122012101,10/17/2018 12:26,38.10806,-122.01980,,,,2.91,,,,,,,,,,,,,,,,,,,,,,,,,,,,,,,,,,,
SIMCUT,380525122003001,10/17/2018 12:30,38.09026,-122.01043,,,,2.99,,,,,,,,,,,,,,,,,,,,,,,,,,,,,,,,,,,
SNAG,380414121580401,10/17/2018 12:35,38.06913,-121.98176,,,,2.90,,,,,,,,,,,,,,,,,,,,,,,,,,,,,,,,,,,
HONK,380408121560801,10/17/2018 12:44,38.07399,-121.94837,,,,2.84,,,,,,,,,,,,,,,,,,,,,,,,,,,,,,,,,,,
HONK,380408121560801,10/17/2018 12:52,38.06973,-121.92238,,,,2.71,,,,,,,,,,,,,,,,,,,,,,,,,,,,,,,,,,,
SIM,11455530,10/17/2018 12:57,38.05089,-121.93398,,,,2.68,,,,,,,,,,,,,,,,,,,,,,,,,,,,,,,,,,,
CHIP,380259121550302,10/17/2018 13:02,38.04486,-121.89890,,,,2.74,,,,,,,,,,,,,,,,,,,,,,,,,,,,,,,,,,,
BROWN,380216121521801,10/17/2018 13:07,38.03178,-121.86518,,,,2.70,,,,,,,,,,,,,,,,,,,,,,,,,,,,,,,,,,,
SJRANT,380118121482301,10/17/2018 13:14,38.02816,-121.83248,,,,2.52,,,,,,,,,,,,,,,,,,,,,,,,,,,,,,,,,,,
SJRANT,380118121482301,10/17/2018 13:19,38.02419,-121.79398,,,,2.49,,,,,,,,,,,,,,,,,,,,,,,,,,,,,,,,,,,
SJRANT,380118121482301,10/17/2018 13:25,38.02802,-121.76235,,,,2.43,,,,,,,,,,,,,,,,,,,,,,,,,,,,,,,,,,,
SJRT6,380205121424501,10/17/2018 13:30,38.03237,-121.72570,,,,2.30,,,,,,,,,,,,,,,,,,,,,,,,,,,,,,,,,,,
JPT,11337190,10/17/2018 13:36,38.05307,-121.68944,2.33,19.11,0.52,2.33,29.98,2.02,0.98,0.72,0.53,1.64,0.78,0.00,1.97,0.053,0.038,0.008,0.004,0.003,0.019,0.017,0.018,0.009,0.425,0.049,0.113,0.145,0.219,0.214,0.081,0.148,0.846,1.551,5,220,17693456,21,1688921,241,19382377
SJRT7,380353121403701,10/17/2018 13:50,38.06599,-121.67859,,,,2.26,,,,,,,,,,,,,,,,,,,,,,,,,,,,,,,,,,,
TMS,11337080,10/17/2018 13:55,38.09622,-121.68595,,,,2.15,,,,,,,,,,,,,,,,,,,,,,,,,,,,,,,,,,,
TMS,11337080,10/17/2018 14:04,38.10858,-121.69292,,,,2.44,,,,,,,,,,,,,,,,,,,,,,,,,,,,,,,,,,,
RIOV,11455420,10/17/2018 14:10,38.12119,-121.69973,,,,2.51,,,,,,,,,,,,,,,,,,,,,,,,,,,,,,,,,,,
RIOV,11455420,10/17/2018 14:16,38.15397,-121.68702,,,,2.60,,,,,,,,,,,,,,,,,,,,,,,,,,,,,,,,,,,
CCH41,11455385,10/17/2018 14:20,38.17350,-121.67078,,,,2.72,,,,,,,,,,,,,,,,,,,,,,,,,,,,,,,,,,,
CCH,11455350,10/17/2018 14:25,38.19291,-121.65824,14.69,23.85,2.18,2.80,47.12,0.87,0.77,0.53,0.41,0.00,0.00,5.20,1.75,0.045,0.032,0.007,0.003,0.002,0.019,0.017,0.018,0.008,0.358,0.113,0.098,0.129,0.180,0.183,0.065,0.124,0.811,1.614,5,30,2412744,36,2895293,66,5308037
CCH FD,11455350,10/17/2018 14:41,38.19291,-121.65824,14.99,23.92,2.14,2.74,47.12,0.90,1.00,0.50,0.48,0.00,0.00,5.20,1.70,0.045,0.032,0.007,0.004,0.003,0.019,0.017,0.018,0.008,0.336,0.094,0.094,0.133,0.180,0.190,0.064,0.127,0.809,1.589,5,132,10616074,46,3699541,178,14315614
CCH41,11455385,10/17/2018 15:00,38.21998,-121.67266,,,,2.78,,,,,,,,,,,,,,,,,,,,,,,,,,,,,,,,,,,
LIB,11455315,10/17/2018 15:05,38.24290,-121.68354,15.55,20.77,2.21,2.87,48.55,0.72,0.59,0.35,0.22,25.10,0.00,0.00,1.80,0.045,0.032,0.007,0.004,0.003,0.019,0.017,0.018,0.008,0.346,0.239,0.119,0.130,0.181,0.179,0.066,0.121,0.769,1.595,5,72,5790586,6,482549,78,6273134
SCC,381533121413201,10/17/2018 15:34,38.26436,-121.69199,,,,2.68,,,,,,,,,,,,,,,,,,,,,,,,,,,,,,,,,,,
SCC,381533121413201,10/17/2018 15:39,38.28606,-121.69261,,,,2.75,,,,,,,,,,,,,,,,,,,,,,,,,,,,,,,,,,,
SSB,381829121413401,10/17/2018 15:44,38.30791,-121.69302,2.54,14.19,1.49,2.91,26.41,1.55,1.06,0.41,0.27,0.13,1.76,0.00,3.74,0.103,0.076,0.017,0.008,0.005,0.018,0.016,0.018,0.012,0.810,0.122,0.173,0.268,0.417,0.438,0.158,0.299,0.858,1.585,5,318,142083813,0,0,318,142083813
SHG,11455276,10/17/2018 16:18,38.31453,-121.69290,,,,5.18,,,,,,,,,,,,,,,,,,,,,,,,,,,,,,,,,,,
SS,382010121402301,10/17/2018 16:28,38.32852,-121.68474,,,,6.96,,,,,,,,,,,,,,,,,,,,,,,,,,,,,,,,,,,
SS,382010121402301,10/17/2018 16:36,38.33610,-121.67324,1.03,1.43,0.10,7.14,24.99,1.57,1.12,0.81,0.37,12.65,0.94,0.00,4.02,0.111,0.082,0.018,0.009,0.006,0.017,0.016,0.017,0.012,0.852,0.103,0.195,0.286,0.434,0.463,0.172,0.321,0.869,1.599,5,302,50600603,14,2345723,316,52946327
WLD,382006121401601,10/17/2018 16:51,38.33604,-121.67041,,,,5.02,,,,,,,,,,,,,,,,,,,,,,,,,,,,,,,,,,,
LCT,11455146,10/17/2018 16:59,38.30199,-121.66729,,,,3.59,,,,,,,,,,,,,,,,,,,,,,,,,,,,,,,,,,,
LCTFIVE,381749121400201,10/17/2018 17:04,38.27110,-121.66756,,,,2.78,,,,,,,,,,,,,,,,,,,,,,,,,,,,,,,,,,,
PROFIVE,381424121405601,10/17/2018 17:10,38.25047,-121.67386,,,,2.73,,,,,,,,,,,,,,,,,,,,,,,,,,,,,,,,,,,
CCH,11455350,10/17/2018 17:15,38.22439,-121.67404,,,,2.72,,,,,,,,,,,,,,,,,,,,,,,,,,,,,,,,,,,
CCH41,11455385,10/17/2018 17:19,38.20019,-121.65769,,,,2.82,,,,,,,,,,,,,,,,,,,,,,,,,,,,,,,,,,,
MOK,11336930,10/18/2018 8:15,38.10860,-121.57629,21.18,20.29,1.77,2.55,49.26,0.95,0.71,0.45,0.29,0.00,0.00,0.00,,,,,,,,,,,,,,,,,,,,,5,66,5308037,0,0,66,5308037
NMR,380837121333401,10/18/2018 8:42,38.12893,-121.57648,,,,2.75,,,,,,,,,,,,,,,,,,,,,,,,,,,,,,,,,,,
NMR,380837121333401,10/18/2018 8:50,38.14404,-121.55921,22.28,20.49,1.77,2.51,49.26,0.98,0.67,,,0.00,0.00,0.00,1.68,0.037,0.026,0.005,0.002,0.002,0.020,0.018,0.019,0.014,0.279,0.185,0.107,0.100,0.148,0.156,0.057,0.106,0.759,1.645,,,,,,,
NMR,380837121333401,10/18/2018 9:00,38.15710,-121.53463,,,,2.38,,,,,,,,,,,,,,,,,,,,,,,,,,,,,,,,,,,
NMR,380837121333401,10/18/2018 9:05,38.18372,-121.52502,,,,2.61,,,,,,,,,,,,,,,,,,,,,,,,,,,,,,,,,,,
NFM,11336685,10/18/2018 9:08,38.19959,-121.52391,,,,2.71,,,,,,,,,,,,,,,,,,,,,,,,,,,,,,,,,,,
NFM,11336685,10/18/2018 9:15,38.22240,-121.50739,31.02,16.07,1.53,2.63,52.83,1.33,0.95,0.90,0.56,0.00,0.00,0.00,1.59,0.037,0.027,0.005,0.003,0.002,0.019,0.017,0.019,0.015,0.282,0.181,0.099,0.110,0.148,0.155,0.056,0.107,0.777,1.613,5,44,3538691,35,2814868,79,6353559
NEWHOPE,11336680,10/18/2018 9:34,38.22030,-121.49643,,,,2.19,,,,,,,,,,,,,,,,,,,,,,,,,,,,,,,,,,,
BEAV,381215121264901,10/18/2018 9:39,38.20242,-121.47775,,,,1.26,,,,,,,,,,,,,,,,,,,,,,,,,,,,,,,,,,,
BEAV,381215121264901,10/18/2018 9:57,38.19572,-121.46420,,,,1.03,,,,,,,,,,,,,,,,,,,,,,,,,,,,,,,,,,,
HOG,381009121273601,10/18/2018 10:08,38.16752,-121.49431,,,,1.60,,,,,,,,,,,,,,,,,,,,,,,,,,,,,,,,,,,
HOG,381009121273601,10/18/2018 10:24,38.17019,-121.45479,,,,1.50,,,,,,,,,,,,,,,,,,,,,,,,,,,,,,,,,,,
MD6,380831121301301,10/18/2018 10:40,38.14177,-121.50413,1.15,1.43,0.22,1.50,15.71,1.72,0.88,0.88,0.40,2.50,0.00,0.00,2.05,0.053,0.038,0.008,0.004,0.002,0.018,0.017,0.018,0.014,0.447,0.149,0.113,0.142,0.217,0.246,0.094,0.171,0.848,1.548,5,246,19784501,14,1125947,260,20910448
SYC,380831121281201,10/18/2018 11:05,38.14139,-121.46890,3.50,10.15,0.84,1.19,22.13,13.71,1.96,,,13.60,3.69,0.00,2.27,0.058,0.042,0.009,0.005,0.003,0.018,0.016,0.018,0.012,0.469,0.267,0.133,0.146,0.220,0.239,0.091,0.170,0.804,1.571,,,,,,,
MD6,380831121301301,10/18/2018 11:31,38.12317,-121.49975,,,,0.89,,,,,,,,,,,,,,,,,,,,,,,,,,,,,,,,,,,
LPS,11336790,10/18/2018 11:50,38.09618,-121.49534,6.46,21.18,1.99,1.89,36.41,1.44,0.97,,,0.00,0.00,0.00,2.16,0.059,0.043,0.010,0.005,0.003,0.018,0.016,0.018,0.012,0.488,0.083,0.113,0.159,0.235,0.257,0.100,0.180,0.865,1.564,,,,,,,
LPSTERM,11336800,10/18/2018 12:05,38.06855,-121.50062,,,,1.88,,,,,,,,,,,,,,,,,,,,,,,,,,,,,,,,,,,
SJRVI,380301121294500,10/18/2018 12:11,38.04051,-121.49411,,,,1.93,,,,,,,,,,,,,,,,,,,,,,,,,,,,,,,,,,,
14MILE,380232121241801,10/18/2018 12:15,38.04775,-121.46812,,,,2.11,,,,,,,,,,,,,,,,,,,,,,,,,,,,,,,,,,,
14MILE,380232121241801,10/18/2018 12:20,38.03890,-121.43982,,,,2.97,,,,,,,,,,,,,,,,,,,,,,,,,,,,,,,,,,,
14MILE,380232121241801,10/18/2018 12:32,38.03989,-121.40493,,,,1.76,,,,,,,,,,,,,,,,,,,,,,,,,,,,,,,,,,,
SJRTIDE,375950121250600,10/18/2018 12:39,38.00734,-121.39688,,,,8.91,,,,,,,,,,,,,,,,,,,,,,,,,,,,,,,,,,,
SJRST,375649121202101,10/18/2018 13:03,37.93786,-121.33522,2.95,118.86,0.60,6.17,143.49,,,,,,,,,,,,,,,,,,,,,,,,,,,,,,,,,,
LIGHT40,11311150,10/18/2018 13:15,37.95490,-121.34815,,,,9.96,,,,,,,,,,,,,,,,,,,,,,,,,,,,,,,,,,,
SJRBC,375831121223701,10/18/2018 13:25,37.97500,-121.37838,3.86,164.29,0.96,10.60,189.18,2.88,1.86,1.11,0.67,1.31,0.78,0.00,2.88,0.070,0.050,0.010,0.005,0.003,0.018,0.018,0.019,0.013,0.636,0.302,0.175,0.231,0.348,0.362,0.125,0.245,0.811,1.634,5,329,33922768,4,412435,333,34335203
SJRBC FD,375831121223701,10/18/2018 13:26,37.97500,-121.37838,3.57,167.05,0.93,9.85,187.04,2.80,1.80,1.27,0.70,2.76,3.32,0.00,3.00,0.075,0.054,0.011,0.005,0.003,0.018,0.018,0.019,0.014,0.683,0.191,0.191,0.259,0.392,0.406,0.134,0.275,0.838,1.676,5,307,53674812,0,0,307,53674812
SJRBC,375831121223701,10/18/2018 13:30,37.97393,-121.37766,3.56,,0.59,7.06,147.06,,,,,,,,,,,,,,,,,,,,,,,,,,,,,,,,,,
LIGHT40,11311150,10/18/2018 13:40,37.98993,-121.40225,,,,10.39,,,,,,,,,,,,,,,,,,,,,,,,,,,,,,,,,,,
TRN,11311300,10/18/2018 13:50,37.99752,-121.44502,4.33,,1.00,10.25,169.91,2.41,1.07,,,3.03,1.56,0.00,2.99,0.078,0.056,0.011,0.005,0.003,0.018,0.018,0.018,0.014,0.725,0.139,0.203,0.271,0.400,0.408,0.136,0.272,0.848,1.685,,,,,,,
SJRVI,380301121294500,10/18/2018 14:01,38.01494,-121.45974,,,,7.64,,,,,,,,,,,,,,,,,,,,,,,,,,,,,,,,,,,
SJRVI,380301121294500,10/18/2018 14:10,38.04265,-121.49749,2.05,33.05,0.67,3.01,44.98,1.59,1.07,,,0.00,0.98,0.00,2.61,0.071,0.051,0.011,0.005,0.003,0.018,0.017,0.018,0.013,0.663,0.108,0.157,0.233,0.348,0.352,0.124,0.241,0.858,1.594,,,,,,,
MTP,380338121322001,10/18/2018 14:24,38.05473,-121.52221,,,,2.13,,,,,,,,,,,,,,,,,,,,,,,,,,,,,,,,,,,
PPT,11313460,10/18/2018 14:30,38.06067,-121.55698,3.08,20.43,1.01,2.07,32.84,1.49,1.04,0.36,0.29,0.00,0.00,0.00,2.01,0.054,0.039,0.008,0.004,0.003,0.018,0.017,0.018,0.012,0.463,0.124,0.111,0.157,0.234,0.237,0.087,0.163,0.844,1.523,5,114,9168427,28,2251894,142,11420322
SJRT10,380536121342901,10/18/2018 14:44,38.08221,-121.57095,,,,2.10,,,,,,,,,,,,,,,,,,,,,,,,,,,,,,,,,,,
SJRT9,380604121372401,10/18/2018 14:49,38.10098,-121.59667,,,,2.23,,,,,,,,,,,,,,,,,,,,,,,,,,,,,,,,,,,
SJRT8,380542121393501,10/18/2018 14:53,38.09923,-121.62586,,,,2.16,,,,,,,,,,,,,,,,,,,,,,,,,,,,,,,,,,,
TMS,11337080,10/18/2018 14:58,38.09411,-121.65702,,,,2.21,,,,,,,,,,,,,,,,,,,,,,,,,,,,,,,,,,,
SJRT8,380542121393501,10/19/2018 7:28,38.09277,-121.67693,,,,2.08,,,,,,,,,,,,,,,,,,,,,,,,,,,,,,,,,,,
SJRT9,380604121372401,10/19/2018 7:44,38.08757,-121.64062,,,,1.80,,,,,,,,,,,,,,,,,,,,,,,,,,,,,,,,,,,
SJRT10,380536121342901,10/19/2018 7:50,38.10218,-121.61435,,,,2.12,,,,,,,,,,,,,,,,,,,,,,,,,,,,,,,,,,,
WEBB,380433121341501,10/19/2018 7:55,38.09340,-121.57631,,,,2.09,,,,,,,,,,,,,,,,,,,,,,,,,,,,,,,,,,,
PPT,11313460,10/19/2018 7:59,38.07180,-121.56000,,,,2.07,,,,,,,,,,,,,,,,,,,,,,,,,,,,,,,,,,,
COL,380125121303601,10/19/2018 8:03,38.05681,-121.53853,,,,2.08,,,,,,,,,,,,,,,,,,,,,,,,,,,,,,,,,,,
MRH,11312685,10/19/2018 8:08,38.02935,-121.52296,,,,2.14,,,,,,,,,,,,,,,,,,,,,,,,,,,,,,,,,,,
MRH,11312685,10/19/2018 8:15,37.99579,-121.57170,1.86,20.99,0.58,2.21,32.84,1.46,0.99,0.25,0.26,3.81,0.57,0.00,2.03,0.059,0.043,0.009,0.005,0.003,0.018,0.017,0.018,0.012,0.455,0.116,0.111,0.153,0.223,0.234,0.085,0.157,0.844,1.524,5,314,97128412,3,927978,317,98056391
MRH FD,11312685,10/19/2018 8:16,37.99579,-121.57170,2.14,22.77,0.57,2.20,32.13,0.40,0.20,0.36,0.24,1.31,0.78,0.00,2.10,0.059,0.043,0.009,0.005,0.003,0.018,0.016,0.019,0.011,0.453,0.131,0.116,0.160,0.246,0.234,0.087,0.156,0.840,1.609,5,337,39857585,9,1064446,346,40922031
EMP,375817121300001,10/19/2018 8:43,37.97354,-121.51019,,,,7.51,,,,,,,,,,,,,,,,,,,,,,,,,,,,,,,,,,,
MID,375721121314301,10/19/2018 8:50,37.96031,-121.53160,,,,7.38,,,,,,,,,,,,,,,,,,,,,,,,,,,,,,,,,,,
COMBO,11312677,10/19/2018 8:55,37.93983,-121.53353,,,,3.67,,,,,,,,,,,,,,,,,,,,,,,,,,,,,,,,,,,
COMBO,11312677,10/19/2018 9:02,37.91502,-121.51291,,,,3.74,,,,,,,,,,,,,,,,,,,,,,,,,,,,,,,,,,,
MRB,11312674,10/19/2018 9:10,37.89140,-121.48896,1.24,38.77,0.50,3.44,51.40,1.68,1.05,0.16,0.26,0.00,0.00,0.00,2.39,0.068,0.049,0.010,0.005,0.003,0.018,0.017,0.019,0.012,0.559,0.060,0.122,0.189,0.281,0.290,0.108,0.195,0.866,1.616,5,310,83105627,2,536165,312,83641792
VIC,11312672,10/19/2018 9:32,37.87298,-121.52574,,,,3.58,,,,,,,,,,,,,,,,,,,,,,,,,,,,,,,,,,,
VIC,11312672,10/19/2018 9:36,37.85949,-121.55164,,,,3.35,,,,,,,,,,,,,,,,,,,,,,,,,,,,,,,,,,,
ORCC,11313250,10/19/2018 9:47,37.82833,-121.55445,1.18,22.14,0.34,2.52,32.13,1.90,1.04,,,1.31,0.78,0.00,2.18,0.062,0.045,0.010,0.005,0.003,0.018,0.017,0.018,0.012,0.474,0.091,0.112,0.172,0.247,0.243,0.091,0.166,0.852,1.592,5,285,49828409,28,4895423,313,54723831
ORCC,11313250,10/19/2018 10:13,37.85924,-121.56731,,,,2.27,,,,,,,,,,,,,,,,,,,,,,,,,,,,,,,,,,,
ORB,11313315,10/19/2018 10:19,37.88595,-121.57524,,,,2.48,,,,,,,,,,,,,,,,,,,,,,,,,,,,,,,,,,,
ORB,11313315,10/19/2018 10:23,37.89953,-121.56683,,,,2.28,,,,,,,,,,,,,,,,,,,,,,,,,,,,,,,,,,,
ORI,11313325,10/19/2018 10:44,37.91399,-121.50413,1.72,11.44,0.26,2.04,23.56,3.77,1.60,1.73,0.91,1.52,0.78,0.00,2.18,0.059,0.043,0.009,0.005,0.003,0.019,0.017,0.018,0.011,0.439,0.110,0.117,0.154,0.221,0.223,0.082,0.152,0.838,1.590,5,312,83641792,1,268083,313,83909875
HNB,375627121333701,10/19/2018 11:02,37.93570,-121.56139,,,,1.99,,,,,,,,,,,,,,,,,,,,,,,,,,,,,,,,,,,
OLD,11313405,10/19/2018 11:11,37.96756,-121.57324,1.51,10.97,0.34,1.90,20.70,1.72,1.10,,,0.00,0.00,0.00,2.06,0.055,0.040,0.009,0.004,0.003,0.019,0.017,0.018,0.011,0.391,0.083,0.101,0.140,0.196,0.197,0.074,0.133,0.837,1.568,5,279,22438519,5,402124,284,22840643
CONN,380000121340801,10/19/2018 11:28,37.99730,-121.57982,,,,1.86,,,,,,,,,,,,,,,,,,,,,,,,,,,,,,,,,,,
HOL,11313431,10/19/2018 11:32,38.02092,-121.58256,,,,1.83,,,,,,,,,,,,,,,,,,,,,,,,,,,,,,,,,,,
ORF,380300121344801,10/19/2018 11:38,38.04335,-121.57552,2.05,15.05,0.69,2.02,25.70,1.57,1.57,0.53,0.82,0.00,0.00,0.00,1.88,0.052,0.038,0.008,0.004,0.003,0.019,0.017,0.018,0.010,0.369,0.087,0.091,0.133,0.183,0.186,0.068,0.126,0.846,1.587,5,87,6996958,6,482549,93,7479506
OLDTERM,11313452,10/19/2018 11:53,38.06697,-121.58012,,,,2.14,,,,,,,,,,,,,,,,,,,,,,,,,,,,,,,,,,,
SJRT10,380536121342901,10/19/2018 11:58,38.09148,-121.57531,,,,2.20,,,,,,,,,,,,,,,,,,,,,,,,,,,,,,,,,,,
GAM,380749121344701,10/19/2018 12:15,38.13012,-121.57953,35.85,18.18,2.00,3.01,62.82,0.81,0.53,,,0.00,0.00,10.40,1.50,0.037,0.027,0.006,0.003,0.002,0.019,0.017,0.019,0.009,0.244,0.047,0.076,0.100,0.135,0.135,0.048,0.091,0.817,1.729,5,11,884673,30,2412744,41,3297417
GAM,380749121344701,10/19/2018 12:46,38.14692,-121.60028,,,,2.99,,,,,,,,,,,,,,,,,,,,,,,,,,,,,,,,,,,
GAM,380749121344701,10/19/2018 13:03,38.15730,-121.58931,,,,2.77,,,,,,,,,,,,,,,,,,,,,,,,,,,,,,,,,,,
GAM,380749121344701,10/19/2018 13:25,38.20010,-121.54455,,,,1.73,,,,,,,,,,,,,,,,,,,,,,,,,,,,,,,,,,,
GSL,11447903,10/19/2018 13:35,38.22324,-121.54164,,,,2.93,,,,,,,,,,,,,,,,,,,,,,,,,,,,,,,,,,,
GSL,11447903,10/19/2018 13:41,38.23446,-121.51889,,,,3.86,,,,,,,,,,,,,,,,,,,,,,,,,,,,,,,,,,,
WGA,11447890,10/19/2018 14:02,38.25778,-121.51722,2.85,5.80,0.09,1.15,14.28,0.82,0.44,0.58,0.17,0.00,0.00,0.00,1.30,0.035,0.025,0.006,0.003,0.002,0.019,0.016,0.018,0.007,0.210,0.123,0.065,0.080,0.105,0.109,0.039,0.074,0.787,1.577,5,25,2010620,86,6916533,111,8927153
GSL,11447903,10/19/2018 14:16,38.25853,-121.51879,,,,0.06,,,,,,,,,,,,,,,,,,,,,,,,,,,,,,,,,,,
WGA,11447890,10/19/2018 14:30,38.28194,-121.54945,,7.40,0.19,1.25,17.85,,,,,,,,,,,,,,,,,,,,,,,,,,,,,,,,,,
MILE30,381703121331101,10/19/2018 14:35,38.30420,-121.57259,72.21,10.89,1.19,4.31,97.80,,,,,,,,,,,,,,,,,,,,,,,,,,,,,,,,,,
MILE30 FD,381703121331101,10/19/2018 14:36,38.30568,-121.57359,68.53,10.78,1.14,4.17,93.52,,,,,,,,,,,,,,,,,,,,,,,,,,,,,,,,,,
OXF,381823121342901,10/19/2018 14:37,38.31052,-121.57651,54.07,10.59,0.88,3.46,74.96,,,,,,,,,,,,,,,,,,,,,,,,,,,,,,,,,,
SUT,11447830,10/19/2018 14:41,38.32823,-121.57448,62.54,10.46,0.66,3.94,82.81,,,,,,,,,,,,,,,,,,,,,,,,,,,,,,,,,,
GREENS,11447810,10/19/2018 14:50,38.34672,-121.54253,,,,3.11,,,,,,,,,,,,,,,,,,,,,,,,,,,,,,,,,,,
HOOD,382205121311300,10/19/2018 14:56,38.36784,-121.52132,33.72,8.28,0.47,2.63,51.40,0.48,0.37,,,0.00,0.00,0.00,1.37,0.035,0.025,0.005,0.003,0.002,0.020,0.017,0.019,0.008,0.229,0.068,0.070,0.086,0.118,0.128,0.048,0.086,0.807,1.625,5,10,804248,72,5790586,82,6594834
HOOD,382205121311300,10/19/2018 15:10,38.39420,-121.51365,26.81,8.80,0.40,2.26,42.12,,,,,,,,,,,,,,,,,,,,,,,,,,,,,,,,,,
HOOD,382205121311300,10/19/2018 15:15,38.42149,-121.52665,,,,1.78,,,,,,,,,,,,,,,,,,,,,,,,,,,,,,,,,,,
MILE 44,382605121310401,10/19/2018 15:20,38.43471,-121.51972,,,,2.12,,,,,,,,,,,,,,,,,,,,,,,,,,,,,,,,,,,
USFPT,382740121301201,10/19/2018 15:33,38.45622,-121.50223,1.05,4.93,0.04,0.98,12.14,0.79,0.49,0.50,0.23,0.00,0.00,0.00,1.28,0.034,0.025,0.005,0.003,0.002,0.020,0.016,0.018,0.007,0.211,0.136,0.064,0.073,0.113,0.107,0.041,0.070,0.764,1.547,5,6,482549,190,15280712,196,15763261
USFPT,382740121301201,10/19/2018 15:49,38.46072,-121.50324,,,,0.95,,,,,,,,,,,,,,,,,,,,,,,,,,,,,,,,,,,
USFPT FD,382740121301201,10/19/2018 15:50,38.46423,-121.50388,,,,0.90,,,,,,,,,,,,,,,,,,,,,,,,,,,,,,,,,,,
USFPT,382740121301201,10/19/2018 15:54,38.47404,-121.52612,0.72,6.19,0.04,0.89,9.99,,,,,,,,,,,,,,,,,,,,,,,,,,,,,,,,,,
SWH,383155121314101,10/19/2018 16:04,38.49890,-121.55915,,,,0.82,,,,,,,,,,,,,,,,,,,,,,,,,,,,,,,,,,,
SWH,383155121314101,10/19/2018 16:11,38.52116,-121.52488,,,,0.78,,,,,,,,,,,,,,,,,,,,,,,,,,,,,,,,,,,
WSPIER,11447540,10/19/2018 16:25,38.55577,-121.51495,,,,0.88,,,,,,,,,,,,,,,,,,,,,,,,,,,,,,,,,,,
